﻿username;total_comments;sample_comment;buzzer_label
salsaerwina;21;hallooo ❤;0
doni3746;10;itu artinya kalah. karena memberikan mereka waktu juga;1
dawet_klepon;8;ya berarti sama aja;1
pitengz2.0;6;PULANG DULUUU😭;0
temenyaotan;6;"lahh yang salah yang demo????? wkwkwk , serius nih pada setuju gaji dpr selangit gtu? , serius selama ini mereka udah me ""WAKIL""kan rakyat??";0
widyzatalini;6;siap kak —tim @user;0
yourgirlieque;5;di Surabaya juga tambah parahh pls doain Indonesia membaik 😞;0
blueismyfavoriteover;5;siapa ya yang mendesain bang? penasaran banget;0
iyamakasih21;4;bener, tujuan ttep sama desak dpr;0
qwerts0_;4;lu pikir bubarkan dpr realistis? sepower presiden aja gabakal bisa bubarin dpr walaupun di demo juga kocak bet;1
adiboxy698;4;NEGARA KOMUNIS LEBIH BAIK BAGI YANG PAHAM DAN MENGERTI 🙏;1
edwarudin21;4;masa gatau mba , belajar dari kericuhan thn 98 saya udah tau siapa dalang di balik semua ini;1
ikwn_10;3;inget bang,,dulu mahasiswa yg demo 1998 sekarang lagi pada duduk di kursi dpr🤣;1
not.secure2;3;"1. yg anda bilang si ""paham sistem"" itu udh bergerak sebelum kalimat itu keluar dari otak anda tapi ketika mereka bergerak di cap bayaran sama kalian. 2. si ""paham sistem"" mengerti sistem demo seperti apa.. apakah isu nya ad yg melanggar atau tidak.. bukan cuman sekedar buat tagar lalu bergerak dengan asal asalan.";0
rkhaajr;3;iya lagi parah bgt itu, kabarnya skrg lgi di incer silop nya;0
oyangbiassa_;3;"gini ya pintar, kalau mau demo itu fokus dulu satu tujuan, jangan beragam tujuannya, itu yang bikin demo ini kayak gak ada tujuannya, malah di bilang ""anarkis""";1
rzkinaaaaa;3;emang ngasal masyarakat pada gatau demo apaan cuma ikut' doang;1
sagarab0y;3;"gas air mata ga akan keluar kalau lu ga dorong"" cobaa demo yaa demo ajaa bukan triak"" sambil manas""in polisi ingat kalian demo ke dpr bukan ke polisi. polisi memang sudah begitu tugasnya mau kalian gimana pun tugasnya tetap ituu";1
goodvibezxzy;3;millenial sama gen z sekarang udah pinter apalgi sekaramg pada melek teknologi dan pada sibuk double check informasi yang ditangkep ya walaupun yang kegocek masih ada at least lebih banyak yang open minded;0
fel_tus;3;liat aja, kalo di tiktok komentarnya gak berlawannw sama demi nya berarti emang nih demi anomali. soalnya kalo demi demi sebelumnya warga tiktok pasti komennya melawan arus.;0
udayreynand;2;kok malah ke presiden kan lagi fokus ke DPR;1
user6210347105;2;jelas klo anarkis yang salah pendemo;1
xmy.ty;2;yg demo pengganguran semua;1
user899234567;2;iyaa lagi;0
0ni0nwithspicysugar;2;diantara seluruh informasi bisa kesaring pun keren;0
zhaime59;2;Tau demo kan? Demo ada tata caranya!. Ah tapi sudahlah, dijelaskan juga percuma. Kalau memang mau tau google juga ad;1
taurusian21;2;yang demo aja ngasal apalagi DPR nya😭😭😭;1
tocools_;2;Demo itu terstruktur kak, ngk asal 🙏🏻;0
myself3240;2;biru;0
moelkurap1928;2;jelas yang bisa melakukan semua ini yang megang duit 11rb triliun dikantong nya.;1
littlestarz_;2;wkwkwk bener lg;0
loverskaiseerl;2;udah lawan ka, setelah ngatain aku lc atau buzzer triak buzzer. mereka menghilang 😭😭;0
merveille_0297;2;eleh komenan template lu. buzzer!;0
manjadahwahpasrah;2;gaji dan tunjangan dpr gak bisa naik kalau tidak ada tandatangan presiden. masih bela presiden?;0
out0fzone;2;waktu diem ga diladenin pas akhirnya bersuara malah di blg ngasal emg ga dibolehin ngasih pendapat;0
qkunny;2;plisss guys jangan sampe darurat militer, ntar kita kaya myanmar segala akses dibatasi, kalian tau kan siapa aja org2 militer;0
rubidaradewi;2;emang ada yg salah bela prabowo??? inget, cuma prabowo yg bersni bongkar mafia, dan koruptor;1
sangbintang_12;2;intinya DPR sama presiden sama sama bermasalah DPR ingin jadi kaya sekaya kayanya Presiden ingin hapus DPR, supaya anggota TNI nya yang ngisi kursi kosong dari awal RUU TNI disahkan ya untuk ini;1
teslaalgebra;2;wowo wiwi juga;1
rascals.id;2;Mending pengangguran dari pada ente makan hasil duit haram🗿;1
tgrrr1945;2;yakin bkal di tangkep???😹;1
scorionism;2;emang yang di bayar tuh harus ngasal gitu ya .. malah biasanya yang di batmyar itu terkoor lo .. 😌😌😌;1
imdeobi;2;jangan takut kak, itu emg tujuan mereka. sabar & semangat, perjuangan gak akan ada yg mudah tp InsyaaAllah akan membuahkan hasil yg baik.;0
itz_peachy03;2;ohhh jadi tujuan oknum ngirim sogokan 'buzzer' ternyata buat masukin 'trust issues' di antara rakyat☺️Nah, ketahuan dah tujuan asli 150jt ituuuu;0
kdkpna4;2;gak bakal di dengar bang , gue yakin , mau 5 thun demo gak bakal di dengar , palingan mereka sudah buat undang undang biar mereka aman , 😂😂😂;0
kayramulu;2;Sebenernya ngapus dpr mah agak ga mungkin ya, malah kayanya ngga bisa tapi harusnya di regenerasi ke orang orang baru, mungkin yang lebih muda, (tapi kalo gantinya kaya si three times in a row ya sama aje);0
lid.do.render;2;ga demo lg? lha video ini kan berita demo hari ini tgl 1 September...;0
katarinabluenings;2;Klasik anj komen lu;1
kurshegloksj;2;memang ngasal kocak;1
lfrithje;2;dh pada turun tangan buzzer hari ini bg bahkan post tiktok yg baru pun lgsg didatengin ama mereka;0
ghorefreakhs0w;2;Up!!!;0
flexy.i;2;masalah beragam tapi terstruktur lah, lu kira demo 1998 orang cmn modal kesel terus truun ke jalan? kaga lah orang di planning dulu gimana jalan nya nanti😹;0
hadmorningstr_;2;INI DIA PIKIRAN GW SELAMA INI, MAKASIH UDAH SPEAK UP;0
ahmadarif7715;2;bang di bayar berapa;0
eri218209424;2;bner plis karna nyawa jdi taruhan nya takut bgt bnyk korban nya;0
fizahbersarung;2;cair kah mint?;0
iihusni5;2;demokrasi memang hak rakyat boleh dipilih tapi ada seleksi dulu sebagai calon yg bisa di pilih ?;0
ikhsan6302;2;menurut gw demo ini benar benar murni kemuakan masyarakat terhadap perintah dibanding demo dengan ikut organisasi yg bisa organisasi itu dapat bayaran dari para elit makanya waktu demo sama mahasiswa ada istilah mahasewa , menurut gw demo ini bener bener mengatas namakan masyarakst karna mereka benar benar ngerasa udh hidup susah ditambah kebijakan kebijakan perintah yg ga memihak kerakyat,;0
dikiiii308;2;dan tau nggak ini demo kebanyakan gara2 berita tiktok dengan segala editanya;1
fiqri.fajri93;2;Bagus dong kan emang udah gak demo lagi. Lu mau terus2an demo ???;0
coffeecream.84;2;"bapak disolo lg merapikan anaknya ""km siap2 kl prabowo lengser km harus naik,selamatkan keluarga kita""";1
cyberdexz;2;Tuntutannya banyak dan campur aduk wajar lah, problem yg mereka bikin aja banyak;0
ayeshasalsabora;2;aq demo kali ni males ngikuti karna demo kali ni ada yg memanfaatkn;0
aseloleicikiwirrrr;2;pulang buka berarti kalah, pulang artinya kita istirahat, mengisi energi, dan mengatur strategi;0
aullll9348;2;kak aku bukan buzzer tp sekalipun kecewa sama pak prabowo tapi jgn sampai presiden lengser gak kebayang kalo negri kita di pimpin gibran;0
bfarahputri;2;samaaa.. hidupku super hampa ga bs liat live tiktok 😭;0
autumnoddyssey;2;gila yaa 11rb triliun melebihi seniornya;0
aoysius.a;2;kalo gak gitu emang pada mau keluar dpr-nya?;0
aliflam331;2;ngapain... mending mulyono yg bilang 11rbu triliun ada di kantongnya... 😏;1
ali.25466;2;hidup kakak;0
_ahmdghiff_;2;udah ketangkap bg;0
_emoinshin_;2;buzzernya kepecah gasih, ada yg bela prab ada yg bela gib, w ampe trust issue mau ngerepost vt karena mereka udah beda kubu takut bgt kegocek buzzer wkwk;0
yulianto.pwd;2;sama aku juga ndk lercaya🥰🥰;0
.lollllll_0;2;@user:TOLONG NOTICE INI‼️JANGAN JADIIN PELABUHAN, BANDARA, STASIUN, DAN RUMAH SAKIT JADI SASARAN DEMO!!!! Objek-objek vital ini kalau rusak bikin ekonomi kita ambruk, jadi masyarakat cerdas untuk gak terprovokasi buat demo ke objek-objek vital ini! Yang susah pada akhirnya kita lagi kita lagi! TETAP WARAS DAN FOKUS KE TUJUAN AWAL DEMO! JANGAN TERPROVOKASI DAN JANGAN MAU DITUNGGANGI!!! JANGAN RUSAK FASILITAS FASILITAS RAKYAT, TOKO, MALL, STASIUN JANGAN DIRUSUH, INGET, KITA KERJA CARI UANG DISANA;0
05_athalla;1;Setuju😭🤣🤣🤣;0
.ijoijo_;1;kalo pun ada juga pulang tinggal nama, lo liat aja mobil dpr lewat aja abis .. apalagi orang nya yang lewat? disini posisi nya demo, bersuara untuk banyak masyarakat, tapi kalo cara nya kaya ngancurin mobil anggota yang lewat dan gamau tau keadaan nya, sama aja lu anarkis;0
.lindu;1;jokowi😂😂😂;1
.mrshmllw;1;itu yg nuduh malah buzzernya bg, taktik boomer udh ketebak kok santuy aja;0
.ndra_2113;1;p;0
.shark07;1;Bener bro;0
.syifaaull;1;ngakak suara rakyat ngejarah rumah juga ya? suara maling kali bukan rakyat 🤣🤣;0
yoonieku0;1;INI LAH CONTOH BUZZER PRO PEMERINTAH;1
yonradiator;1;cair 150jt🤭;1
yono6576;1;Pati hadir MBK salsa dukung ya MBK salsa;0
yoiyou.yu;1;sama lahh;0
yogiaj11;1;Bikin gaji dpr 3 jt satu bulan tanpa tunjangan ap pun, gi mana mau jadi wakil rakyat kalo gak bisa rasakan jadi rakyat yg gaji di bawah 5 jt perbulan!!!!;0
ybee096;1;masalahnya semua gak layak pilih;0
yayayayayaaa29;1;udah ga ada gunanya buat ginian bang, banyak yang oon;0
white.moba;1;logika aja, klo ga anarkis ngapain pake gas air mata😹;0
who.is.shi0;1;Izin melaporkan teman-teman. Demo hari ini di Kalsel berjalan dengan kondusif dan ketua DPRD KALSEL Bapak Supian HK dan jajaran. beliau mau mendengarkan aspirasi masyarakat, bersedia tanda tangan dan mengantarkan isi tuntutan langsung ke DPR RI. Secara resmi DPRD Kalsel telah menanda tangani dan mengantarkan isi tuntutan langsung ke DPR RI.;0
whyy12321;1;itu demo karena murni kemarahan rakyat..;0
wiam.dini;1;"sehat"" ya kakak salsa";0
widy.change;1;kita sdh tahutak akan menang maka nya golput;0
abdul_aziz1906;1;iye bang. kalo gag amrik ya china . 🗿 namanya jg negara kaya sumber daya alam;1
abelodoonn;1;up;0
abiabiabid;1;yg Menag Mega yg presiden gusdur. sampe sekarang gak pernah ke TPS;1
abqaryfaqih;1;mintak ganti aja anggota DPR nya;0
absurd.entity;1;emang ngasal, Anarkis gitu dibilang suara rakyat wkowkwowkw;0
abyyanthe1975;1;simpel, perwakilan dpt langsung ngomong di depan rakyat selesai 😂;0
acc25tl;1;-9999 literasi;0
account13482987271;1;Betulll wkwk terlalu banyak problem yang di bikin ini pemerintah jadinya bingung mau nuntut apa tuh harusnya malu itu yang bilang “ga realistis”,”demo ga jelas”;0
accountnotfoundd42;1;bocil Roblox tau apa;0
xnadenxx_;1;meninggalkan negara;1
xxihateureal;1;SOLO GANK;1
angeldynia;1;Up;0
anggorolampung;1;termul;1
aninoss_;1;dongo;1
anisboneanis;1;maaf mba. kalau peduli bangsa ini dan rakyat. bukan lewat sosmed. tapi lewat tindakan.;1
anjelinovandi667;1;sama, kita kaya di jajah sma pemerintah sendiri.;0
annisyahyusriutomo;1;Buzzer template;1
anomii5;1;Lebih t0l0l lagi yg cuma bisa komen tanpa tau permasalahan dan gak peduli sama sekali;0
antiripler;1;udh masuk 150jt?;1
antiskandal666;1;TETAP STAY SAFE BANG BANYAK INTEL DAN ORANG BAYARAN, KALO BISA JANGAN SENDIRI SENDIRI;0
aphrodite.75;1;brta demo udha ga fyp lgi di brnda gw,, ini gw yg search sndiri bru mncul;0
arhzdenth;1;dikabulin atau dikibulin?;1
arif.setyawan06;1;𝓼𝓮𝓶𝓸𝓰𝓪 𝓴𝓪𝓶𝓾 𝓳𝓪𝓭𝓲 𝓹𝓮𝓷𝓮𝓰𝓪𝓴 𝓘𝓷𝓭𝓸𝓷𝓮𝓼𝓲𝓪 𝔂𝓰 𝓴𝓾𝓪𝓽, 𝓭𝓪𝓻𝓲 𝓭𝓮𝓶𝓸 𝓶𝓪𝓼𝓼𝓪, 𝓪𝓴𝓾 𝓵𝓲𝓱𝓪𝓽 𝓼𝓮𝓶𝓾𝓪 𝓵𝓲𝓿𝓮𝓶𝓾, 𝓼𝓮𝓵𝓮𝓻𝓪𝓶𝓾 𝓾𝓷𝓽𝓾𝓴 𝓷𝓮𝓰𝓪𝓻𝓪 𝓭𝓪𝓷 𝓶𝓪𝓼𝔂𝓪𝓻𝓪𝓴𝓪𝓽, 𝓼𝓮𝓶𝓪𝓷𝓰𝓪𝓽 𝔂𝓪 𝓢𝓐𝓛𝓢𝓐 👍👍👍👍👍👍;0
ariifmullyadi;1;udah tau update terbaru belom kak, dana reses dpt naik 400jt;0
ariiqmllana;1;Kita butuh L;0
alfat1332;1;Biarin indonesia bubar,Pemilu bisa di rekayasa;1
alias.4450;1;👍👍👍👍👍👍👍👍👍salsa👍👍👍👍👍👍👍👍👍👍👍👍;0
beefcurryomurice;1;Sumpah mau tanya yg mayat dibuang ke sungai kmrn gmn lanjutan ceritanya ? Apakah reporter tvone kemarin malam skrg baik baik saja? Hilang cuy di medsos gada yg bahas;0
berukmars;1;padahal dah di jelasin di video, cmn msh aj komen gini;0
arisaris88899;1;perjuangin para manula;0
arny.kembar;1;hidup mahasiswa;0
arpamanap;1;Tetep aja bang ga cukup sampe disitu doang, tetep harus diusut tuntas;0
arvelitaaxelia;1;Semnagat 💪💪;0
aryodindamarsa;1;DEMO FULL MUAK DENGAN PEJABAT, MURNI DARI MASYARAKAT;0
asampezyes;1;seenggaknya ga separah kek org² 98;1
astrazanefuck;1;"awalnya demo ini asli dari aspirasi publik..tapi dari jauh, ada setan setan yg udah nungguin momen demo ini..momen buat bikin demo ini pecah dan terjadi keributan sehingga situasi darurat militer bisa dilaksanakan karena suatu ""alasan"" dan ketika itu terjadi, itu sangat memuluskan semua rencana besar mereka, yg gabakal bisa kalian liat ketika situasinya masuk ke darurat militer.";0
astreagrenindonesia001;1;akun nya di pripat 🗿;0
astripujl;1;betull, sayangi nyawa kalian, tunggu tenang dulu, takut banget ada korban lagi di pihak kita;0
atte.hati.sri.pra;1;Kalian luar biasa;0
auerons;1;miskin otak;1
autumnoises;1;Paling tidak kebijakan penonaktifan pejabat2 yg kemarin asal ngomong, itu semua berkat demo. Demo aja belum tentu didenger, apalagi gak demo?;0
ayambangkas;1;ini kah;0
andprsd;1;malam ini Unpas diserang isilop cokk;0
bowoxx06;1;soekarno aja bisa di culik. masa dpr gk bisa?;1
bram5846;1;jerome polien, ayo spill bukti chat yg nunjukin nomornya😁 jangan bukti chat sama nomor yg terpisah😁;0
brinaasyah;1;semua mencurigakan nanti gak mencurigakan pas udh disurga;0
ayesha_anantaraya;1;doin yg terbaik, gada yg seru, bs aja keluarga lu atau lu sendiri korban selanjutnya, militer ga pandang bulu;0
ayukristi19;1;jangan ada DPR BUAT SAKIT HATI RAKYAT POKONYA TA MAWU ADA DPR TITIK;0
azafami;1;siapa dalang dibalik semua ini?;1
azkia3818;1;wapres mo dinaikan psi dan termul dgn jln apapun;1
bagus.fachrizal;1;meskipun dihapus. gue yakin pasti tetap ditransfer segitu.;0
baleg.moalll;1;nenek lo LC;1
baluuun25;1;Pray for abang ojol yang dilindas, terima kasih sudah berjuang. semoga amal ibadah nya diterima❤️;0
bambang.subandio;1;🥰🥰🥰;0
bambangponu;1;Slma Sistem Tatakelola Negara brdsarkan Demokrasi Politik dlm PEMILU baik PILPRES dan CALEG sesuguhnya SISTEM POLITIK KEWLYAHAN JAWA SENTRIS.;0
bandunghairreplacement2;1;kata kang anom gak ada ketua korlap nya demo kmrn mknya dia yg orasi;1
basri.basri.al.fi;1;ok👍;0
bebass_76;1;turun AE bng udh 🥹;1
bebnia79;1;coblos jg percuma cm jalan di tempat. di tangan yg salah;1
case0743;1;temen gua ojol dia udh pada ketemu Pimpinan brimob nya di Mako, udh bertanggung jawab yg bawa mobilnya di persiksa;0
catiliek;1;teermul;1
cchann___;1;saking banyaknya masalah kaa;0
cekotsekarang;1;Mbak salsa kalau seluruh rakyat indo golput semua kira kira ada yg menjabat di parlemen ga nanti;0
centauri.a123;1;kurang kasih sayang orang tua ya bang?;0
betadin00;1;buzzer/fomo politik nih🤔;1
bianca.callistaa;1;Tau gak sih kak tik tok tanpa live kayak pas aku gak di kasih uang belanja sama suamiku kaka , hambar;0
bibin_channel;1;Calon anggota DPR harus ttd perjanjian politik apabila tidak bisa bekerja lebih baik maka bersedia mengundurkan diri;0
biee.happy;1;embak bantu berswara embak Lita Gading yg menyuarakan pensiunan dpr;1
bijiterbelah;1;pernyataan nya netral, nggk memihak pihak manapun. karna si pembuat video cuman mengajak pemirsa buat berdiskusi dengan melemparkan pertanyaan terbuka. udah itu aja bang moga mudah dipahami.;0
bintangtani.id;1;Apa Solusinya untuk perubahan di tahun 2029 ??? Apa bikin partai / wadah untuk calon karyawan yg setia pada Bos (rakyat) Apa bikin afiliasi ke partai tertentu yg capable buat calon karyawan kita mohon bantu menjawab, 🙏😊;0
blablaahehhe;1;perasaan ga ada si puan menghina rakyat deh;0
bluesky9776;1;semua tempat di jaga, bahkan sampai ke perkampungan. kalo ada yg mencurigakan langsung di tangkap, pada malam hari tdk boleh ada yg keluar rumah (pada jam yg telah di tentukan) baik itu di jalan, warnet atau tempat umum lainnya. bayangin kalo istri lo mau melahirkan pada saat jam malam, atau ada anggota keluarga yg sakit mendadak seperti serangan jantung dll bagaimana nasib mereka. ini baru peraturan tentang jam malam belum peraturan lainnya;0
bocilcaper145;1;seluruh pasukan bersenjata bakal datang💀💀💀 dan seluruh Alusista bakal dipakai untuk menjaga kedaulatan negara 💀💀💀;1
bonjeshajis;1;coba buat sistem pemilu yg seperti penerima karyawan supaya belajar untuk serius bekerja dan tidak ada lagi namanya ijasah palsu;0
bornn12v2;1;blm;0
codeblade_;1;RAKYAT DEMOKRASI, PARA WAKIL?;0
coffelatte1223;1;buzzer pemerintah ini;1
coklatku16;1;kebaca gaa😭;0
cokzsllm;1;lah demo yg hadir kan wowo bg;1
craft69uhahuh;1;trs gue hars milih siapa 😂;1
brlynbayu;1;kasih dalil dong;1
brown241195;1;saking banyaknya problem, yg demo jadi bingung juga mau nuntut apa dulu;0
brvmgs;1;Gas air mata gabakal keluar kalo gak anarkis;0
bryan.boy22;1;Semangatt;0
butahatimatirasa;1;itu bukan demo tapi kampanye yg diketuai abah abah;1
butuh_pengiku;1;bakal seru iyemah😁;1
cadangan.saja73;1;fyp demo hari ini ILANG SEMUA ANJJJJ;0
cahbuagustz;1;nyimak dari perantau Taiwan 🇹🇼;0
callmeaca100;1;fyp demo ilangggg;0
callmearlyy;1;viralin;0
calonkage;1;Ya emaang itu akun akun termul kok. Makanya lo pinter dikit 😂;0
daniipenk;1;nanti Kaka aja yg rekomendasi untuk dpr;0
dannzz_ja;1;Upp;0
dany4p.p;1;;0
dapawwwwwwww;1;polisi ngelontar gas air mata juga karna pendemo udah gak kondusif yg awalnya demo berubah jadi kerusuhan;0
dara.crop;1;ayo kak kawal demo nie;0
datsstick7;1;masalahnya, 70% isi kabinet sekarang, titipan geng oslo. pengaruhnya masih lebih besar si geng oslo, dgn ketuanya lengser, otomatis wakilnya naik, nah di moment itulah 3 periode terjadi wkwk.;1
cerita.aim;1;template;1
chenap4;1;😂;0
cheng.paow;1;Memilih & tidak memilih faktanya Yg memilih Si pemenang, Memilih yg kalah sekalipun kita golput faktanya kita tetep mengikuti program & menikmati kebijakan kebijakan penguasa pemenang;0
cherli2891;1;ini ilang d fyp ku...mesti d cari dlu;0
cilll236_;1;apala bocil;1
cion0641;1;mantap mba slsa;0
ckintau;1;bner guys... calm;0
clouceress;1;BOOST!! nasgor atau ayam geprek?;0
cloudninek5;1;preeettt;1
cnc468;1;kurleb aturan Negara seperti Korea Utara kak 😁;0
dewipuspitasari175;1;yg diuntungkan klw prab lengser kan anaknya;1
dhikasptra22;1;cairrr bosss;1
dhimascz;1;"klu tdk demo bagaimana mau di dengar,semua ad resiko.paling tidak kita butuh perubahan.liat bagaimana yg cm berkoar""d media sosial kebanyakan di bungkam jd satu""nya cara unjuk aksi";0
dhin4n._;1;sampai bingung mau demo apa, sngkin bnyak nya mslah;0
dienkalem;1;percumah ngak dipilih juga jadi sendiri 😀;0
dikiiibaikkbanget;1;sebenarnya banyak yang harus dintuntut jir;0
dimynsoul;1;nepo baby, eh maksudnya baby blue;1
cujoh4;1;denial;0
curam791;1;sudah ngak feel;0
cussbae0;1;jgn di pilih lagi DPR;1
cutebunny_emily;1;biru Ding;1
d.yas18;1;cair bang ?;1
dailymasdudahh;1;Oh buzzer ini, 😂;1
daisxsun;1;tolong jaga pahlawan koko kita ini ya rakyat..karna hanya rakyat yg bisa jaga, sudah tdk percaya lagi dengan pemerintah dan aparat;0
daisytranslates;1;yg didemo meninggal juga, tapi meninggalkan negara & akal sehatnya;0
daneliarosa22;1;udah berapa kali liat VT kayak gini😑 jd yg demo kemarin dan netizen yg ngamuk2 sm DPR dianggaep buzzer😑👊;0
doremi.fa.solasido;1;ka salsa, dana reses DPR naik ka, gk rela ka 😭;0
doubleshotsamericano;1;gw takut jir;0
dream.chatcher6;1;mata luuuu;1
dumbel74;1;lu kan?;0
dwimary8;1;selama uu perampasan aset belum disahkan aku blm bs percaya pemerintah.. percuma du pilih,mrk ttp akan mengkhianati kita;0
dyllan222;1;untuk sekarang emang harus balik dlu bro, takutnya ada petrus soalnya udh mulai main nembak;0
dym_213;1;iyee bangg takut lu d incer apalgi skrg lagi ramee nyariin in chindo chindo;1
dyonhsb;1;Cari 10 orang seperti mbak salsa, pilih orang orang berdasarkan kemampuan dan tidak berbau agama, dan larang politik uang pada waktu pemilihan;0
dyzrinx;1;pindah negara bg 🗿;1
dazetjp.n;1;setidaknya lebih banyak yang berpikir Kritis dibanding th 98;0
ddy.alla;1;benul;0
ded000982;1;parah dia;1
defachodel;1;mewakili rakyat banget kak;0
demonl0rddd_;1;ya jelas lah mreka nuntut janji 19jt lapangan kerja yg pasti org pengangguran semua itu🗿;0
deni61487;1;ttp sy TDK akan coblos DPR RI.muak sy liat nya;0
devaesyaa01_;1;Kita tu lagi di pecah belah gess, untuk 1 september ini udah kerennn semuanya ga kepancing 😍🫶🏻 ttp pantau & ttp kompak jangan ke provo!;0
eist.me;1;Hidup Rakyat! kembalikan Republik Indonesia Serikat! Hidup Federasi!;0
eizen.de.pene;1;pecundang akan selalu pesimis setiap ada aksi 🤪 PECUNDANG 🤣;1
ekisubak;1;indonesia butuh anak muda yang berani bersuara membawa perubahan dan bisa berfikiran objektif;0
ekycraz;1;itu fomo kena tiktok , kalo demo Indonesia gelap nah itu terstruktur;1
el_shyaf;1;SEKARANG MAKIN BANYAK YG CUMA MENYIARKAN KERUGIAN AKIBAT DEMO. PADAHAL SEBELUMNYA GAK ADA TU AKUN BAHAS DEMO SEGALA MACEM. rakyat dikambinghitamkan.;0
elalbert113;1;dengar sampe habis dong0;0
elcakrawala86;1;sepertinya mereka terpaksa GolPut karena... Masyrakat...seolah2 dipaksa utk memilih Serigala yang akan mencabik2 mereka lgi.... karna...kalaupun ada caleg yg baik...mereka akan berubah ketika mereka sdh mendapat posisi di Parlemen... Tidak ada CALEG yg benar2 meperjuangkan Rakyat.... Entalah... mereka itu serigala iya...tikus jg iya... Bahkan Ular jg iya.;0
eliceseymour;1;benarr👍;0
elih.malihah2;1;mbak salsa KLO ada pemilihan lagi tahun depan mbak salsa harus menujukan orang orang yg mempunyai berkapabilitas biar rakyat GK kecewa lagi.;0
elman.hutauruk;1;mantap semoga dapat disimak dan dipahami masyarakat yg alergi politik;0
disintegratedkid;1;Kamisan damai tuh didengerin ga;0
dloyeon;1;cair cairrrr;1
dn23_8.3;1;di balikpapan baru mulai;0
dniieelll;1;berarti ada sosok manipulator yg mengakibatkan demo ini terjadi adalah bagian dari rencana sang manipulator?;1
dodo13115;1;gw abak abah dukung prabowo. ga sudi negara ini dipimpin diktator yg bernama mulyono.;1
donny.997;1;Gimana bs pecat anggota DPR seenank nya,tanpa ada salah,sedangkan UU perampasan aset aja susah setengah mati untuk disahkan.;0
eraaaudy;1;Kak masih banyak temenku yang perantauan gabisa milih di pemilu atau golput karena kendala kerjanya gabisa libur dan tokonya gaboleh tutup ka. bisa di suarakan ga ka gimana solusinya kalo kaya gitu biar bisa ikut pemilu🙏🏻;0
erdaaserena;1;bener mbak lanjut terus;0
