﻿username;total_comments;sample_comment;buzzer_label
adiboxy698;4;NEGARA KOMUNIS LEBIH BAIK BAGI YANG PAHAM DAN MENGERTI 🙏;1
teslaalgebra;2;wowo wiwi juga;1
dikiiii308;2;dan tau nggak ini demo kebanyakan gara2 berita tiktok dengan segala editanya;0
.lollllll_0;2;@user:TOLONG NOTICE INI‼️JANGAN JADIIN PELABUHAN, BANDARA, STASIUN, DAN RUMAH SAKIT JADI SASARAN DEMO!!!! Objek-objek vital ini kalau rusak bikin ekonomi kita ambruk, jadi masyarakat cerdas untuk gak terprovokasi buat demo ke objek-objek vital ini! Yang susah pada akhirnya kita lagi kita lagi! TETAP WARAS DAN FOKUS KE TUJUAN AWAL DEMO! JANGAN TERPROVOKASI DAN JANGAN MAU DITUNGGANGI!!! JANGAN RUSAK FASILITAS FASILITAS RAKYAT, TOKO, MALL, STASIUN JANGAN DIRUSUH, INGET, KITA KERJA CARI UANG DISANA;0
hadmorningstr_;2;INI DIA PIKIRAN GW SELAMA INI, MAKASIH UDAH SPEAK UP;0
zhaime59;2;Tau demo kan? Demo ada tata caranya!. Ah tapi sudahlah, dijelaskan juga percuma. Kalau memang mau tau google juga ad;0
aullll9348;2;kak aku bukan buzzer tp sekalipun kecewa sama pak prabowo tapi jgn sampai presiden lengser gak kebayang kalo negri kita di pimpin gibran;0
iyamakasih21;4;bener, tujuan ttep sama desak dpr;0
ayeshasalsabora;2;aq demo kali ni males ngikuti karna demo kali ni ada yg memanfaatkn;0
rubidaradewi;2;emang ada yg salah bela prabowo??? inget, cuma prabowo yg bersni bongkar mafia, dan koruptor;1
tocools_;2;Demo itu terstruktur kak, ngk asal 🙏🏻;0
ikwn_10;3;inget bang,,dulu mahasiswa yg demo 1998 sekarang lagi pada duduk di kursi dpr🤣;1
aseloleicikiwirrrr;2;pulang buka berarti kalah, pulang artinya kita istirahat, mengisi energi, dan mengatur strategi;0
moelkurap1928;2;jelas yang bisa melakukan semua ini yang megang duit 11rb triliun dikantong nya.;0
ahmadarif7715;2;bang di bayar berapa;0
fel_tus;3;liat aja, kalo di tiktok komentarnya gak berlawannw sama demi nya berarti emang nih demi anomali. soalnya kalo demi demi sebelumnya warga tiktok pasti komennya melawan arus.;0
sagarab0y;3;"gas air mata ga akan keluar kalau lu ga dorong"" cobaa demo yaa demo ajaa bukan triak"" sambil manas""in polisi ingat kalian demo ke dpr bukan ke polisi. polisi memang sudah begitu tugasnya mau kalian gimana pun tugasnya tetap ituu";1
pitengz2.0;6;PULANG DULUUU😭;0
itz_peachy03;2;ohhh jadi tujuan oknum ngirim sogokan 'buzzer' ternyata buat masukin 'trust issues' di antara rakyat☺️Nah, ketahuan dah tujuan asli 150jt ituuuu;0
lfrithje;2;dh pada turun tangan buzzer hari ini bg bahkan post tiktok yg baru pun lgsg didatengin ama mereka;0
xmy.ty;2;yg demo pengganguran semua;1
cyberdexz;2;Tuntutannya banyak dan campur aduk wajar lah, problem yg mereka bikin aja banyak;0
katarinabluenings;2;Klasik anj komen lu;0
merveille_0297;2;eleh komenan template lu. buzzer!;0
taurusian21;2;yang demo aja ngasal apalagi DPR nya😭😭😭;0
aliflam331;2;ngapain... mending mulyono yg bilang 11rbu triliun ada di kantongnya... 😏;1
rzkinaaaaa;3;emang ngasal masyarakat pada gatau demo apaan cuma ikut' doang;0
loverskaiseerl;2;udah lawan ka, setelah ngatain aku lc atau buzzer triak buzzer. mereka menghilang 😭😭;0
ikhsan6302;2;menurut gw demo ini benar benar murni kemuakan masyarakat terhadap perintah dibanding demo dengan ikut organisasi yg bisa organisasi itu dapat bayaran dari para elit makanya waktu demo sama mahasiswa ada istilah mahasewa , menurut gw demo ini bener bener mengatas namakan masyarakst karna mereka benar benar ngerasa udh hidup susah ditambah kebijakan kebijakan perintah yg ga memihak kerakyat,;0
not.secure2;3;"1. yg anda bilang si ""paham sistem"" itu udh bergerak sebelum kalimat itu keluar dari otak anda tapi ketika mereka bergerak di cap bayaran sama kalian. 2. si ""paham sistem"" mengerti sistem demo seperti apa.. apakah isu nya ad yg melanggar atau tidak.. bukan cuman sekedar buat tagar lalu bergerak dengan asal asalan.";0
oyangbiassa_;3;"gini ya pintar, kalau mau demo itu fokus dulu satu tujuan, jangan beragam tujuannya, itu yang bikin demo ini kayak gak ada tujuannya, malah di bilang ""anarkis""";0
doni3746;10;itu artinya kalah. karena memberikan mereka waktu juga;0
sangbintang_12;2;intinya DPR sama presiden sama sama bermasalah DPR ingin jadi kaya sekaya kayanya Presiden ingin hapus DPR, supaya anggota TNI nya yang ngisi kursi kosong dari awal RUU TNI disahkan ya untuk ini;0
flexy.i;2;masalah beragam tapi terstruktur lah, lu kira demo 1998 orang cmn modal kesel terus truun ke jalan? kaga lah orang di planning dulu gimana jalan nya nanti😹;0
lid.do.render;2;ga demo lg? lha video ini kan berita demo hari ini tgl 1 September...;0
bfarahputri;2;samaaa.. hidupku super hampa ga bs liat live tiktok 😭;0
rascals.id;2;Mending pengangguran dari pada ente makan hasil duit haram🗿;0
_emoinshin_;2;buzzernya kepecah gasih, ada yg bela prab ada yg bela gib, w ampe trust issue mau ngerepost vt karena mereka udah beda kubu takut bgt kegocek buzzer wkwk;0
dawet_klepon;8;ya berarti sama aja;0
kurshegloksj;2;memang ngasal kocak;1
aoysius.a;2;kalo gak gitu emang pada mau keluar dpr-nya?;0
salsaerwina;21;hallooo ❤;0
ali.25466;2;hidup kakak;0
kayramulu;2;Sebenernya ngapus dpr mah agak ga mungkin ya, malah kayanya ngga bisa tapi harusnya di regenerasi ke orang orang baru, mungkin yang lebih muda, (tapi kalo gantinya kaya si three times in a row ya sama aje);0
user6210347105;2;jelas klo anarkis yang salah pendemo;1
rkhaajr;3;iya lagi parah bgt itu, kabarnya skrg lgi di incer silop nya;0
myself3240;2;biru;0
yulianto.pwd;2;sama aku juga ndk lercaya🥰🥰;0
coffeecream.84;2;"bapak disolo lg merapikan anaknya ""km siap2 kl prabowo lengser km harus naik,selamatkan keluarga kita""";1
goodvibezxzy;3;millenial sama gen z sekarang udah pinter apalgi sekaramg pada melek teknologi dan pada sibuk double check informasi yang ditangkep ya walaupun yang kegocek masih ada at least lebih banyak yang open minded;0
littlestarz_;2;wkwkwk bener lg;0
ghorefreakhs0w;2;Up!!!;0
out0fzone;2;waktu diem ga diladenin pas akhirnya bersuara malah di blg ngasal emg ga dibolehin ngasih pendapat;0
fizahbersarung;2;cair kah mint?;0
temenyaotan;6;"lahh yang salah yang demo????? wkwkwk , serius nih pada setuju gaji dpr selangit gtu? , serius selama ini mereka udah me ""WAKIL""kan rakyat??";0
udayreynand;2;kok malah ke presiden kan lagi fokus ke DPR;0
autumnoddyssey;2;gila yaa 11rb triliun melebihi seniornya;0
imdeobi;2;jangan takut kak, itu emg tujuan mereka. sabar & semangat, perjuangan gak akan ada yg mudah tp InsyaaAllah akan membuahkan hasil yg baik.;0
widyzatalini;6;siap kak —tim @user;0
tgrrr1945;2;yakin bkal di tangkep???😹;1
kdkpna4;2;gak bakal di dengar bang , gue yakin , mau 5 thun demo gak bakal di dengar , palingan mereka sudah buat undang undang biar mereka aman , 😂😂😂;0
iihusni5;2;demokrasi memang hak rakyat boleh dipilih tapi ada seleksi dulu sebagai calon yg bisa di pilih ?;0
manjadahwahpasrah;2;gaji dan tunjangan dpr gak bisa naik kalau tidak ada tandatangan presiden. masih bela presiden?;0
user899234567;2;iyaa lagi;0
0ni0nwithspicysugar;2;diantara seluruh informasi bisa kesaring pun keren;0
qwerts0_;4;lu pikir bubarkan dpr realistis? sepower presiden aja gabakal bisa bubarin dpr walaupun di demo juga kocak bet;0
eri218209424;2;bner plis karna nyawa jdi taruhan nya takut bgt bnyk korban nya;0
_ahmdghiff_;2;udah ketangkap bg;0
fiqri.fajri93;2;Bagus dong kan emang udah gak demo lagi. Lu mau terus2an demo ???;0
edwarudin21;4;masa gatau mba , belajar dari kericuhan thn 98 saya udah tau siapa dalang di balik semua ini;1
scorionism;2;emang yang di bayar tuh harus ngasal gitu ya .. malah biasanya yang di batmyar itu terkoor lo .. 😌😌😌;0
yourgirlieque;5;di Surabaya juga tambah parahh pls doain Indonesia membaik 😞;0
blueismyfavoriteover;5;siapa ya yang mendesain bang? penasaran banget;0
qkunny;2;plisss guys jangan sampe darurat militer, ntar kita kaya myanmar segala akses dibatasi, kalian tau kan siapa aja org2 militer;0
