videoWebUrl,submittedVideoUrl,input,cid,createTime,createTimeISO,text,diggCount,likedByAuthor,pinnedByAuthor,repliesToId,replyCommentTotal,uid,uniqueId,avatarThumbnail,mentions,detailedMentions
https://www.tiktok.com/@detikcom/video/7545059513821449473,https://www.tiktok.com/@detikcom/video/7545059513821449473?is_from_webapp=1&sender_device=pc,https://www.tiktok.com/@detikcom/video/7545059513821449473?is_from_webapp=1&sender_device=pc,7545060912400892690,1756721399,2025-09-01T10:09:59.000Z,"bang nitip, blokir live bisa blokir judol gabisa",651,False,False,,11.0,6515600986312572930,jessojoljkt,https://p16-sign-sg.tiktokcdn.com/tos-alisg-avt-0068/20dae278707887a861f340d5d8ed57d6~tplv-tiktokx-cropcenter:100:100.jpg?dr=14579&refresh_token=591833b8&x-expires=1764756000&x-signature=Y%2Fijtw0Jhvf3cKuAwjcH%2FP7Z3U4%3D&t=4d5b0474&ps=13740610&shp=30310797&shcp=ff37627b&idc=maliva,[],[]
https://www.tiktok.com/@detikcom/video/7545059513821449473,https://www.tiktok.com/@detikcom/video/7545059513821449473?is_from_webapp=1&sender_device=pc,https://www.tiktok.com/@detikcom/video/7545059513821449473?is_from_webapp=1&sender_device=pc,7545067452578366216,1756722917,2025-09-01T10:35:17.000Z,fyp demo hari ini ILANG SEMUA ANJJJJ,722,False,False,,15.0,7435632406042002452,cadangan.saja73,https://p16-sign-sg.tiktokcdn.com/tos-alisg-avt-0068/99d42192dbe81ca4c6db642801392b72~tplv-tiktokx-cropcenter:100:100.jpg?dr=14579&refresh_token=632cd354&x-expires=1764756000&x-signature=Rv0K%2BfztzMmIFonQlsAPZFDnKVE%3D&t=4d5b0474&ps=13740610&shp=30310797&shcp=ff37627b&idc=maliva,[],[]
https://www.tiktok.com/@detikcom/video/7545059513821449473,https://www.tiktok.com/@detikcom/video/7545059513821449473?is_from_webapp=1&sender_device=pc,https://www.tiktok.com/@detikcom/video/7545059513821449473?is_from_webapp=1&sender_device=pc,7545875112567341842,1756910966,2025-09-03T14:49:26.000Z,Sahkan RUU PEMBATASAN UANG KARTAL,0,False,False,,0.0,6924150791976698881,kadang_kumat,https://p16-sign-va.tiktokcdn.com/tos-maliva-avt-0068/aa3550bf4c5d88709259c97578b09152~tplv-tiktokx-cropcenter:100:100.jpg?dr=14579&refresh_token=510081a3&x-expires=1764756000&x-signature=nA66Ir0lRc9u9BwWLpylx%2FyhY20%3D&t=4d5b0474&ps=13740610&shp=30310797&shcp=ff37627b&idc=maliva,[],[]
https://www.tiktok.com/@detikcom/video/7545059513821449473,https://www.tiktok.com/@detikcom/video/7545059513821449473?is_from_webapp=1&sender_device=pc,https://www.tiktok.com/@detikcom/video/7545059513821449473?is_from_webapp=1&sender_device=pc,7545246045903520520,1756764503,2025-09-01T22:08:23.000Z,"dari kmren juga aman lancar kok,yg ga lancar itu otak2 yg mau memanfaatkan situasi dan memecah rakyat",0,False,False,,0.0,7272768630609232901,nasibebek1782,https://p16-sign-sg.tiktokcdn.com/tos-alisg-avt-0068/cc510ddb62da15f643599406de1e31b9~tplv-tiktokx-cropcenter:100:100.jpg?dr=14579&refresh_token=10af57b5&x-expires=1764756000&x-signature=%2B5RIPz4KuUcyRxFhAfgMlzOA0hk%3D&t=4d5b0474&ps=13740610&shp=30310797&shcp=ff37627b&idc=maliva,[],[]
https://www.tiktok.com/@detikcom/video/7545059513821449473,https://www.tiktok.com/@detikcom/video/7545059513821449473?is_from_webapp=1&sender_device=pc,https://www.tiktok.com/@detikcom/video/7545059513821449473?is_from_webapp=1&sender_device=pc,7545060769424147221,1756721362,2025-09-01T10:09:22.000Z,parah dia,1,False,False,,19.0,7021945915393360923,ded000982,https://p16-sign-sg.tiktokcdn.com/tos-alisg-avt-0068/ad87405f4baa401a5587d1f571d808c8~tplv-tiktokx-cropcenter:100:100.jpg?dr=14579&refresh_token=1a67161c&x-expires=1764756000&x-signature=lm%2FcCQxEPSKTZTZ%2FEfnMyRSLvas%3D&t=4d5b0474&ps=13740610&shp=30310797&shcp=ff37627b&idc=maliva,[],[]
https://www.tiktok.com/@detikcom/video/7545059513821449473,https://www.tiktok.com/@detikcom/video/7545059513821449473?is_from_webapp=1&sender_device=pc,https://www.tiktok.com/@detikcom/video/7545059513821449473?is_from_webapp=1&sender_device=pc,7545062666955424530,1756721808,2025-09-01T10:16:48.000Z,"ini kapan live tik tok di buka sih,gua kangen org live bjirrrr,gua juga pengen tau kabar yg demo😭😭😭😭😭",186,False,False,,8.0,6962718172055716866,rizqyifqiya,https://p16-sign-sg.tiktokcdn.com/tos-alisg-avt-0068/d33009527c4138693a963e7193e058eb~tplv-tiktokx-cropcenter:100:100.jpg?dr=14579&refresh_token=db8d331a&x-expires=1764756000&x-signature=QAQVySoqxUK6%2B7Q01tBEop9XJLo%3D&t=4d5b0474&ps=13740610&shp=30310797&shcp=ff37627b&idc=maliva,[],[]
https://www.tiktok.com/@detikcom/video/7545059513821449473,https://www.tiktok.com/@detikcom/video/7545059513821449473?is_from_webapp=1&sender_device=pc,https://www.tiktok.com/@detikcom/video/7545059513821449473?is_from_webapp=1&sender_device=pc,7545069992418378514,1756723509,2025-09-01T10:45:09.000Z,"nah demo nya kaya gini , bkan yg anarkis dan ngejarah",1449,False,False,,18.0,7238215852326552578,fitrizkiah,https://p16-sign-sg.tiktokcdn.com/tos-alisg-avt-0068/07aab5990ce40f02fde06e38797935db~tplv-tiktokx-cropcenter:100:100.jpg?dr=14579&refresh_token=c3122e25&x-expires=1764756000&x-signature=rHeh9DbUnGZCCnfWfHntkORO3%2F8%3D&t=4d5b0474&ps=13740610&shp=30310797&shcp=ff37627b&idc=maliva,[],[]
https://www.tiktok.com/@detikcom/video/7545059513821449473,https://www.tiktok.com/@detikcom/video/7545059513821449473?is_from_webapp=1&sender_device=pc,https://www.tiktok.com/@detikcom/video/7545059513821449473?is_from_webapp=1&sender_device=pc,7547315085397590802,1757246235,2025-09-07T11:57:15.000Z,,0,False,False,,0.0,6913793910594995201,_nononoooooo,https://p16-sign-sg.tiktokcdn.com/tos-alisg-avt-0068/a4f9a63338a54b6bd27672c685f26be7~tplv-tiktokx-cropcenter:100:100.jpg?dr=14579&refresh_token=3518be02&x-expires=1764756000&x-signature=038WkvP2baNyKMZviEX2%2FxCnqE8%3D&t=4d5b0474&ps=13740610&shp=30310797&shcp=ff37627b&idc=maliva,[],[]
https://www.tiktok.com/@detikcom/video/7545059513821449473,https://www.tiktok.com/@detikcom/video/7545059513821449473?is_from_webapp=1&sender_device=pc,https://www.tiktok.com/@detikcom/video/7545059513821449473?is_from_webapp=1&sender_device=pc,7545078770040029970,1756725555,2025-09-01T11:19:15.000Z,"gak bakal di dengar bang , gue yakin , mau 5 thun demo gak bakal di dengar , palingan mereka sudah buat undang undang biar mereka aman , 😂😂😂",28,False,False,,4.0,7197604476253291546,kdkpna4,https://p16-sign-sg.tiktokcdn.com/tos-alisg-avt-0068/4c5186958af40bf821d76b9822f18f12~tplv-tiktokx-cropcenter:100:100.jpg?dr=14579&refresh_token=fa102273&x-expires=1764756000&x-signature=zvodqv1Ku9jyT%2B76X%2FSfDcs965k%3D&t=4d5b0474&ps=13740610&shp=30310797&shcp=ff37627b&idc=maliva,[],[]
https://www.tiktok.com/@detikcom/video/7545059513821449473,https://www.tiktok.com/@detikcom/video/7545059513821449473?is_from_webapp=1&sender_device=pc,https://www.tiktok.com/@detikcom/video/7545059513821449473?is_from_webapp=1&sender_device=pc,7545076401612964616,1756725003,2025-09-01T11:10:03.000Z,akwkw bang Ferry agak gugup 🗿🔥,1,False,False,,3.0,6968485370124911618,fhi_137,https://p16-sign-sg.tiktokcdn.com/tos-alisg-avt-0068/70ed218a3dc1ff5db86be1859b5c8757~tplv-tiktokx-cropcenter:100:100.jpg?dr=14579&refresh_token=013d1f14&x-expires=1764756000&x-signature=k4%2BCi6ihrhMa3DZ5uqzPcjfXd0k%3D&t=4d5b0474&ps=13740610&shp=30310797&shcp=ff37627b&idc=maliva,[],[]
https://www.tiktok.com/@detikcom/video/7545059513821449473,https://www.tiktok.com/@detikcom/video/7545059513821449473?is_from_webapp=1&sender_device=pc,https://www.tiktok.com/@detikcom/video/7545059513821449473?is_from_webapp=1&sender_device=pc,7545077576739259152,1756725282,2025-09-01T11:14:42.000Z,"Mohon demo nya sampai jam 6 aj, buat tdk ada penyusup",60,False,False,,2.0,6795386345629762562,eno_ok,https://p19-common-sign-useastred.tiktokcdn-eu.com/tos-useast2a-avt-0068-giso/c72e3f1e0a955c819b99640861ee911e~tplv-tiktokx-cropcenter:100:100.jpg?dr=14579&refresh_token=07d0ca9e&x-expires=1764756000&x-signature=FG4FmlNkGaXjtMxSo%2B83TfSjoy8%3D&t=4d5b0474&ps=13740610&shp=30310797&shcp=ff37627b&idc=maliva,[],[]
https://www.tiktok.com/@detikcom/video/7545059513821449473,https://www.tiktok.com/@detikcom/video/7545059513821449473?is_from_webapp=1&sender_device=pc,https://www.tiktok.com/@detikcom/video/7545059513821449473?is_from_webapp=1&sender_device=pc,7545125091237397268,1756736339,2025-09-01T14:18:59.000Z,siapa yang bayar bang,1,False,False,,4.0,7436403006973576248,ferly6981,https://p16-sign-sg.tiktokcdn.com/tos-alisg-avt-0068/bfe1cb194c014355a277251fae01061d~tplv-tiktokx-cropcenter:100:100.jpg?dr=14579&refresh_token=5c2ca59e&x-expires=1764756000&x-signature=9KcSmdsPRbBOoPisTdUFcCT9hDM%3D&t=4d5b0474&ps=13740610&shp=30310797&shcp=ff37627b&idc=maliva,[],[]
https://www.tiktok.com/@detikcom/video/7545059513821449473,https://www.tiktok.com/@detikcom/video/7545059513821449473?is_from_webapp=1&sender_device=pc,https://www.tiktok.com/@detikcom/video/7545059513821449473?is_from_webapp=1&sender_device=pc,7545254152666907400,1756766399,2025-09-01T22:39:59.000Z,Boost,0,False,False,,0.0,6768651906119681025,khxtkv,https://p16-sign-sg.tiktokcdn.com/tos-alisg-avt-0068/7b898aad6fd7cad0e97644d5d499a3cb~tplv-tiktokx-cropcenter:100:100.jpg?dr=14579&refresh_token=b7d38ab8&x-expires=1764756000&x-signature=8fa2iGunE%2BSNzPQA%2FeopKtmXeGc%3D&t=4d5b0474&ps=13740610&shp=30310797&shcp=ff37627b&idc=maliva,[],[]
https://www.tiktok.com/@detikcom/video/7545059513821449473,https://www.tiktok.com/@detikcom/video/7545059513821449473?is_from_webapp=1&sender_device=pc,https://www.tiktok.com/@detikcom/video/7545059513821449473?is_from_webapp=1&sender_device=pc,7545079976333673224,1756725833,2025-09-01T11:23:53.000Z,waktu kami demo secara damai aspirasi kami tidak di respon bahkan sudah berkali-kali.. 😏😏,8,False,False,,3.0,7221880106146055170,rbbayanillah,https://p16-sign-va.tiktokcdn.com/tos-maliva-avt-0068/67fa3c12c392a5e8f714025f2ef48402~tplv-tiktokx-cropcenter:100:100.jpg?dr=14579&refresh_token=3bed3ae4&x-expires=1764756000&x-signature=inCBYK4HpAyX9BYYTZTHTRBUTJw%3D&t=4d5b0474&ps=13740610&shp=30310797&shcp=ff37627b&idc=maliva,[],[]
https://www.tiktok.com/@detikcom/video/7545059513821449473,https://www.tiktok.com/@detikcom/video/7545059513821449473?is_from_webapp=1&sender_device=pc,https://www.tiktok.com/@detikcom/video/7545059513821449473?is_from_webapp=1&sender_device=pc,7545123299585917704,1756735923,2025-09-01T14:12:03.000Z,apalah komedian jadi anak abah bisa apa,0,False,False,,0.0,7473503534437843984,setrum90,https://p16-sign-sg.tiktokcdn.com/tos-alisg-avt-0068/e5939dd7fbec8b1b1f438388a075f980~tplv-tiktokx-cropcenter:100:100.jpg?dr=14579&refresh_token=9f19f36a&x-expires=1764756000&x-signature=ekblf8r7HDsHYrFCfPNSE2JBCUM%3D&t=4d5b0474&ps=13740610&shp=30310797&shcp=ff37627b&idc=maliva,[],[]
https://www.tiktok.com/@detikcom/video/7545059513821449473,https://www.tiktok.com/@detikcom/video/7545059513821449473?is_from_webapp=1&sender_device=pc,https://www.tiktok.com/@detikcom/video/7545059513821449473?is_from_webapp=1&sender_device=pc,7545698935772480274,1756869948,2025-09-03T03:25:48.000Z,sehat2 bang 👍👍🤲🤲🤲,0,False,False,,0.0,7031932035283551258,mamae3aaa,https://p16-sign-sg.tiktokcdn.com/tos-alisg-avt-0068/772c4d3f1396cd64c9d950c6dd921dbf~tplv-tiktokx-cropcenter:100:100.jpg?dr=14579&refresh_token=4bafac2f&x-expires=1764756000&x-signature=gZlkSiGhfxnM8wtJBDFtGka9bDE%3D&t=4d5b0474&ps=13740610&shp=30310797&shcp=ff37627b&idc=maliva,[],[]
https://www.tiktok.com/@detikcom/video/7545059513821449473,https://www.tiktok.com/@detikcom/video/7545059513821449473?is_from_webapp=1&sender_device=pc,https://www.tiktok.com/@detikcom/video/7545059513821449473?is_from_webapp=1&sender_device=pc,7545810856350630657,1756896012,2025-09-03T10:40:12.000Z,semoga Allah memberi perlindunga warnga Indonesia aamiin 😇❤️❤️🙏🙏,1,False,False,,0.0,7190435037941171205,titi16904,https://p16-sign-sg.tiktokcdn.com/tos-alisg-avt-0068/eb10b148bfd6054a7f522f6cc439c37d~tplv-tiktokx-cropcenter:100:100.jpg?dr=14579&refresh_token=55ec1969&x-expires=1764756000&x-signature=ET2aUinB%2F2d0q%2BGlTb0Kw8yrc9U%3D&t=4d5b0474&ps=13740610&shp=30310797&shcp=ff37627b&idc=maliva,[],[]
https://www.tiktok.com/@detikcom/video/7545059513821449473,https://www.tiktok.com/@detikcom/video/7545059513821449473?is_from_webapp=1&sender_device=pc,https://www.tiktok.com/@detikcom/video/7545059513821449473?is_from_webapp=1&sender_device=pc,7545378849751122706,1756795423,2025-09-02T06:43:43.000Z,"brta demo udha ga fyp lgi di brnda gw,, ini gw yg search sndiri bru mncul",0,False,False,,0.0,7263700938476454917,aphrodite.75,https://p16-sign-sg.tiktokcdn.com/tos-alisg-avt-0068/c54ec53df2fbe26d81e37262acc96c3a~tplv-tiktokx-cropcenter:100:100.jpg?dr=14579&refresh_token=b401d560&x-expires=1764756000&x-signature=tDg9Zn0U6K0pvecfXNvjD3PUZnU%3D&t=4d5b0474&ps=13740610&shp=30310797&shcp=ff37627b&idc=maliva,[],[]
https://www.tiktok.com/@detikcom/video/7545059513821449473,https://www.tiktok.com/@detikcom/video/7545059513821449473?is_from_webapp=1&sender_device=pc,https://www.tiktok.com/@detikcom/video/7545059513821449473?is_from_webapp=1&sender_device=pc,7545070310530679573,1756723584,2025-09-01T10:46:24.000Z,"Aslinya demo rakyat Indonesia itu Pasti aman, yg rusuh itu pasti ada penyusup.",29,False,False,,0.0,7403400178517279745,yantizee615,https://p16-sign-va.tiktokcdn.com/tos-maliva-avt-0068/1f3f78e3d76884114670b507d36512c8~tplv-tiktokx-cropcenter:100:100.jpg?dr=14579&refresh_token=8c234201&x-expires=1764756000&x-signature=AX7GiL7qJddbz%2B9sQxR0GViiYyI%3D&t=4d5b0474&ps=13740610&shp=30310797&shcp=ff37627b&idc=maliva,[],[]
https://www.tiktok.com/@detikcom/video/7545059513821449473,https://www.tiktok.com/@detikcom/video/7545059513821449473?is_from_webapp=1&sender_device=pc,https://www.tiktok.com/@detikcom/video/7545059513821449473?is_from_webapp=1&sender_device=pc,7545076413503783688,1756725008,2025-09-01T11:10:08.000Z,gak bakal didenger 😁😁😁,0,False,False,,0.0,7130044788284605467,nats_shop,https://p19-common-sign-useastred.tiktokcdn-eu.com/tos-useast2a-avt-0068-giso/4d4404f6c9f321951308589060310c0e~tplv-tiktokx-cropcenter:100:100.jpg?dr=14579&refresh_token=69ae043a&x-expires=1764756000&x-signature=YqalTzdf9VlEjiHhtsoZLj62dI8%3D&t=4d5b0474&ps=13740610&shp=30310797&shcp=ff37627b&idc=maliva,[],[]
https://www.tiktok.com/@detikcom/video/7545059513821449473,https://www.tiktok.com/@detikcom/video/7545059513821449473?is_from_webapp=1&sender_device=pc,https://www.tiktok.com/@detikcom/video/7545059513821449473?is_from_webapp=1&sender_device=pc,7545321340618900244,1756782032,2025-09-02T03:00:32.000Z,ayo kak kawal demo nie,0,False,False,,0.0,7457720778138747920,dara.crop,https://p16-sign-sg.tiktokcdn.com/tos-alisg-avt-0068/e2a569da0fe9ccb9e22b343a76f8beda~tplv-tiktokx-cropcenter:100:100.jpg?dr=14579&refresh_token=3a1c27c6&x-expires=1764756000&x-signature=H124J4MSwaL%2FovUjBGu362ibaME%3D&t=4d5b0474&ps=13740610&shp=30310797&shcp=ff37627b&idc=maliva,[],[]
https://www.tiktok.com/@detikcom/video/7545059513821449473,https://www.tiktok.com/@detikcom/video/7545059513821449473?is_from_webapp=1&sender_device=pc,https://www.tiktok.com/@detikcom/video/7545059513821449473?is_from_webapp=1&sender_device=pc,7545086636565676818,1756727384,2025-09-01T11:49:44.000Z,Kalian luar biasa,0,False,False,,0.0,7352073551547073553,atte.hati.sri.pra,https://p16-sign-sg.tiktokcdn.com/tos-alisg-avt-0068/d882efbcde0b3ae86de5c02a90d7fb49~tplv-tiktokx-cropcenter:100:100.jpg?dr=14579&refresh_token=6ccaa863&x-expires=1764756000&x-signature=DJSca9ErTU7uoC7Tvo1W%2FsWBKgA%3D&t=4d5b0474&ps=13740610&shp=30310797&shcp=ff37627b&idc=maliva,[],[]
https://www.tiktok.com/@detikcom/video/7545059513821449473,https://www.tiktok.com/@detikcom/video/7545059513821449473?is_from_webapp=1&sender_device=pc,https://www.tiktok.com/@detikcom/video/7545059513821449473?is_from_webapp=1&sender_device=pc,7545375512305222407,1756794644,2025-09-02T06:30:44.000Z,keren nih abang ini,0,False,False,,0.0,7509014293519320072,ndha2906,https://p16-sign-sg.tiktokcdn.com/tos-alisg-avt-0068/2742cbd6dedcb7eb6cce29479cce4840~tplv-tiktokx-cropcenter:100:100.jpg?dr=14579&refresh_token=6cd9ce63&x-expires=1764756000&x-signature=E6NVb88Y5PMAOwkkVFv1kN7WxE4%3D&t=4d5b0474&ps=13740610&shp=30310797&shcp=ff37627b&idc=maliva,[],[]
https://www.tiktok.com/@detikcom/video/7545059513821449473,https://www.tiktok.com/@detikcom/video/7545059513821449473?is_from_webapp=1&sender_device=pc,https://www.tiktok.com/@detikcom/video/7545059513821449473?is_from_webapp=1&sender_device=pc,7545676123562050312,1756864640,2025-09-03T01:57:20.000Z,hidup mahasiswa,0,False,False,,0.0,7231725897438348290,arny.kembar,https://p16-sign-va.tiktokcdn.com/tos-maliva-avt-0068/5751db64ac3186813c01bb2a382bf144~tplv-tiktokx-cropcenter:100:100.jpg?dr=14579&refresh_token=f7072cf4&x-expires=1764756000&x-signature=QvuptgsEHyqR1DqQ4RB8SJSMx40%3D&t=4d5b0474&ps=13740610&shp=30310797&shcp=ff37627b&idc=maliva,[],[]
https://www.tiktok.com/@detikcom/video/7545059513821449473,https://www.tiktok.com/@detikcom/video/7545059513821449473?is_from_webapp=1&sender_device=pc,https://www.tiktok.com/@detikcom/video/7545059513821449473?is_from_webapp=1&sender_device=pc,7545080927186453266,1756726055,2025-09-01T11:27:35.000Z,ini ilang d fyp ku...mesti d cari dlu,0,False,False,,0.0,7371054450749752326,cherli2891,https://p16-sign-va.tiktokcdn.com/tos-maliva-avt-0068/a62b6a1455a6761baef4a2373a675cc7~tplv-tiktokx-cropcenter:100:100.jpg?dr=14579&refresh_token=23b95c48&x-expires=1764756000&x-signature=YEuzqQKXo0ge6E1hofDqaZLXGWE%3D&t=4d5b0474&ps=13740610&shp=30310797&shcp=ff37627b&idc=maliva,[],[]
https://www.tiktok.com/@detikcom/video/7545059513821449473,https://www.tiktok.com/@detikcom/video/7545059513821449473?is_from_webapp=1&sender_device=pc,https://www.tiktok.com/@detikcom/video/7545059513821449473?is_from_webapp=1&sender_device=pc,7545354284528812820,1756789705,2025-09-02T05:08:25.000Z,"iya penyusup nya anak"" SMP sama STM",1,False,False,,0.0,6751608601947980802,via.ya,https://p16-sign-sg.tiktokcdn.com/tos-alisg-avt-0068/3c1fe11fefeb5404cf4e89276a95dec4~tplv-tiktokx-cropcenter:100:100.jpg?dr=14579&refresh_token=1d43ef0e&x-expires=1764756000&x-signature=NFPosyHOMHPc05Ql1AUpCiAmkBQ%3D&t=4d5b0474&ps=13740610&shp=30310797&shcp=ff37627b&idc=maliva,[],[]
https://www.tiktok.com/@detikcom/video/7545059513821449473,https://www.tiktok.com/@detikcom/video/7545059513821449473?is_from_webapp=1&sender_device=pc,https://www.tiktok.com/@detikcom/video/7545059513821449473?is_from_webapp=1&sender_device=pc,7545139673741116181,1756739734,2025-09-01T15:15:34.000Z,guys besok tggl 2 sept ada demo lagi ga yaa? soalnya gue harus ngantor dan lewatin area” demo,0,False,False,,0.0,7050506975713166337,user250806181105,https://p16-sign-va.tiktokcdn.com/tos-maliva-avt-0068/71272fa179917a38e6fae81b0a53bf6d~tplv-tiktokx-cropcenter:100:100.jpg?dr=14579&refresh_token=0f5262a8&x-expires=1764756000&x-signature=BOtfTuGEETDMkxn8Vy7hf5AWGQs%3D&t=4d5b0474&ps=13740610&shp=30310797&shcp=ff37627b&idc=maliva,[],[]
https://www.tiktok.com/@detikcom/video/7545059513821449473,https://www.tiktok.com/@detikcom/video/7545059513821449473?is_from_webapp=1&sender_device=pc,https://www.tiktok.com/@detikcom/video/7545059513821449473?is_from_webapp=1&sender_device=pc,7545149912029332242,1756742119,2025-09-01T15:55:19.000Z,"CEPET KASIH TIKTOK BINTANG 1 BIAR DINOTICE SAMA CEO TIKTOK LALU DICEK REGIONNYA, KALO DARI INDONESIA BAKAL DITANYAIN LANGSUNG KOMDIGI NYA OLEH TIKTOK SUPAYA FITUR LIVE KEMBALI❗️❗️❗️❗️CEPET KASIH TIKTOK BINTANG 1 BIAR DINOTICE SAMA CEO TIKTOK LALU DICEK REGIONNYA, KALO DARI INDONESIA BAKAL DITANYAIN LANGSUNG KOMDIGI NYA OLEH TIKTOK SUPAYA FITUR LIVE KEMBALI",0,False,False,,0.0,7258822962944427015,_fzfaas,https://p16-sign-va.tiktokcdn.com/tos-maliva-avt-0068/1c21be83d2ab16d2a2483e304a5931ff~tplv-tiktokx-cropcenter:100:100.jpg?dr=14579&refresh_token=429a27d4&x-expires=1764756000&x-signature=ENzxsQAEeLBCRxv%2FGq21AH%2FYJM8%3D&t=4d5b0474&ps=13740610&shp=30310797&shcp=ff37627b&idc=maliva,[],[]
https://www.tiktok.com/@detikcom/video/7545059513821449473,https://www.tiktok.com/@detikcom/video/7545059513821449473?is_from_webapp=1&sender_device=pc,https://www.tiktok.com/@detikcom/video/7545059513821449473?is_from_webapp=1&sender_device=pc,7545141484736217864,1756740153,2025-09-01T15:22:33.000Z,Udeh bang udeeh,0,False,False,,0.0,6896015377604543490,muhammadlutfiali,https://p16-sign-sg.tiktokcdn.com/tos-alisg-avt-0068/7328689153703411719~tplv-tiktokx-cropcenter:100:100.jpg?dr=14579&refresh_token=09b16d11&x-expires=1764756000&x-signature=JAXUoZm1sxzOAQSABkN2w5d80AI%3D&t=4d5b0474&ps=13740610&shp=30310797&shcp=ff37627b&idc=maliva,[],[]
https://www.tiktok.com/@detikcom/video/7545059513821449473,https://www.tiktok.com/@detikcom/video/7545059513821449473?is_from_webapp=1&sender_device=pc,https://www.tiktok.com/@detikcom/video/7545059513821449473?is_from_webapp=1&sender_device=pc,7545068422373491474,1756723147,2025-09-01T10:39:07.000Z,nih udh Damai.. kalo belum didengar juga ga ngerti lagi #stopbayarpajakkalautidakdidengar,16,False,False,,0.0,7442674439517635602,noonaerershop,https://p16-sign-sg.tiktokcdn.com/tos-alisg-avt-0068/5c82a029151c250fe2ead71ceb97193a~tplv-tiktokx-cropcenter:100:100.jpg?dr=14579&refresh_token=b06b3bfb&x-expires=1764756000&x-signature=5gqYtVWxXwG7X6tPbxTYn2n%2BqXA%3D&t=4d5b0474&ps=13740610&shp=30310797&shcp=ff37627b&idc=maliva,[],[]
https://www.tiktok.com/@detikcom/video/7545059513821449473,https://www.tiktok.com/@detikcom/video/7545059513821449473?is_from_webapp=1&sender_device=pc,https://www.tiktok.com/@detikcom/video/7545059513821449473?is_from_webapp=1&sender_device=pc,7545068038610092818,1756723052,2025-09-01T10:37:32.000Z,wah ada Ferry Irwandi cape gw.,4,False,False,,0.0,7097575474516640795,omasepblur79,https://p19-common-sign-useastred.tiktokcdn-eu.com/tos-useast2a-avt-0068-giso/d969db36cfa3dc0ca921cb004521c7c0~tplv-tiktokx-cropcenter:100:100.jpg?dr=10399&refresh_token=5aebb6c6&x-expires=1764756000&x-signature=lSrVGMxQ3NbTm%2BTHHgk1hYDbWXQ%3D&t=4d5b0474&ps=13740610&shp=30310797&shcp=ff37627b&idc=no1a,[],[]
https://www.tiktok.com/@detikcom/video/7545059513821449473,https://www.tiktok.com/@detikcom/video/7545059513821449473?is_from_webapp=1&sender_device=pc,https://www.tiktok.com/@detikcom/video/7545059513821449473?is_from_webapp=1&sender_device=pc,7545071539503661842,1756723870,2025-09-01T10:51:10.000Z,sama sekali ga muncul fyp demo hr ini 1 september ga ada sama sekali di fyp tiktok saya,50,False,False,,4.0,7020785957142676482,wiwin_anggraeni,https://p16-sign-sg.tiktokcdn.com/tos-alisg-avt-0068/9ebaa3de84ff6ed2c70aa9a501095ac4~tplv-tiktokx-cropcenter:100:100.jpg?dr=10399&refresh_token=3c71ad00&x-expires=1764756000&x-signature=aw%2F5gKNfpnETLxKCJmq11odcKRI%3D&t=4d5b0474&ps=13740610&shp=30310797&shcp=ff37627b&idc=no1a,[],[]
https://www.tiktok.com/@detikcom/video/7545059513821449473,https://www.tiktok.com/@detikcom/video/7545059513821449473?is_from_webapp=1&sender_device=pc,https://www.tiktok.com/@detikcom/video/7545059513821449473?is_from_webapp=1&sender_device=pc,7545125072311747336,1756736332,2025-09-01T14:18:52.000Z,,0,False,False,,0.0,6784039373597590530,healinginblue,https://p16-sign-sg.tiktokcdn.com/tos-alisg-avt-0068/3e307f29dac64543625d3c416f037a40~tplv-tiktokx-cropcenter:100:100.jpg?dr=10399&refresh_token=8fd029f2&x-expires=1764756000&x-signature=35D%2F5Osi%2ByzLo5%2FdXFgeAD5kzuI%3D&t=4d5b0474&ps=13740610&shp=30310797&shcp=ff37627b&idc=no1a,[],[]
https://www.tiktok.com/@detikcom/video/7545059513821449473,https://www.tiktok.com/@detikcom/video/7545059513821449473?is_from_webapp=1&sender_device=pc,https://www.tiktok.com/@detikcom/video/7545059513821449473?is_from_webapp=1&sender_device=pc,7545086111977145106,1756727265,2025-09-01T11:47:45.000Z,sapa nihh🗿,1,False,False,,0.0,7445671112023901201,salahsatuu1,https://p16-sign-sg.tiktokcdn.com/tos-alisg-avt-0068/d492e5aabe2fc00e77234e64791cbc2c~tplv-tiktokx-cropcenter:100:100.jpg?dr=10399&refresh_token=51755977&x-expires=1764756000&x-signature=xGN0PVBtFbxIKqP4m6y395jk%2Bfw%3D&t=4d5b0474&ps=13740610&shp=30310797&shcp=ff37627b&idc=no1a,[],[]
https://www.tiktok.com/@detikcom/video/7545059513821449473,https://www.tiktok.com/@detikcom/video/7545059513821449473?is_from_webapp=1&sender_device=pc,https://www.tiktok.com/@detikcom/video/7545059513821449473?is_from_webapp=1&sender_device=pc,7545102447703835410,1756731064,2025-09-01T12:51:04.000Z,"Demo baik2, pasti baik2 lah kalau di dengar dan direspon🤣 yg buat rakyat marah tuh ga dihargai oleh wakilnya sendiri yg mereka pilih pak😂 jangankan didengar, mungkin si wakil malah ketawa ketiwi dari luar negri😂",0,False,False,,0.0,7008392803932439554,rnf1110,https://p16-sign-va.tiktokcdn.com/musically-maliva-obj/1594805258216454~tplv-tiktokx-cropcenter:100:100.jpg?dr=10399&refresh_token=bdd50d29&x-expires=1764756000&x-signature=Ea%2BjUfxvr6xgFsWrx4evHIl1mJk%3D&t=4d5b0474&ps=13740610&shp=30310797&shcp=ff37627b&idc=no1a,[],[]
https://www.tiktok.com/@detikcom/video/7545059513821449473,https://www.tiktok.com/@detikcom/video/7545059513821449473?is_from_webapp=1&sender_device=pc,https://www.tiktok.com/@detikcom/video/7545059513821449473?is_from_webapp=1&sender_device=pc,7545297819511669522,1756776558,2025-09-02T01:29:18.000Z,ini kah,0,False,False,,0.0,6835180187296121858,ayambangkas,https://p16-sign-sg.tiktokcdn.com/tos-alisg-avt-0068/0c02d30469cf0c45d47c696876afa125~tplv-tiktokx-cropcenter:100:100.jpg?dr=10399&refresh_token=77517ae1&x-expires=1764756000&x-signature=qmgRb0h8sKnjisxcwVHcbH%2B%2BIfs%3D&t=4d5b0474&ps=13740610&shp=30310797&shcp=ff37627b&idc=no1a,[],[]
https://www.tiktok.com/@detikcom/video/7545059513821449473,https://www.tiktok.com/@detikcom/video/7545059513821449473?is_from_webapp=1&sender_device=pc,https://www.tiktok.com/@detikcom/video/7545059513821449473?is_from_webapp=1&sender_device=pc,7545113862405948168,1756733724,2025-09-01T13:35:24.000Z,Up,0,False,False,,0.0,6783266942897587202,angeldynia,https://p16-sign-sg.tiktokcdn.com/tos-alisg-avt-0068/05017d9c7e7d4de3279e2d251c12a9e0~tplv-tiktokx-cropcenter:100:100.jpg?dr=10399&refresh_token=c7c321d7&x-expires=1764756000&x-signature=UOWrN%2BkymkUV%2FVj%2Bvo46u1m%2Bjz0%3D&t=4d5b0474&ps=13740610&shp=30310797&shcp=ff37627b&idc=no1a,[],[]
https://www.tiktok.com/@detikcom/video/7545059513821449473,https://www.tiktok.com/@detikcom/video/7545059513821449473?is_from_webapp=1&sender_device=pc,https://www.tiktok.com/@detikcom/video/7545059513821449473?is_from_webapp=1&sender_device=pc,7545146685161997073,1756741369,2025-09-01T15:42:49.000Z,didenger ga?,0,False,False,,0.0,7038334462559781915,papah_kuda,https://p16-sign-sg.tiktokcdn.com/tos-alisg-avt-0068/b27442ca8fdc2d079789f769e683ab75~tplv-tiktokx-cropcenter:100:100.jpg?dr=14579&refresh_token=cbc9836d&x-expires=1764756000&x-signature=SMNqW3R9c42Szs1vnuyTPytGJ00%3D&t=4d5b0474&ps=13740610&shp=30310797&shcp=ff37627b&idc=my,[],[]
https://www.tiktok.com/@detikcom/video/7545059513821449473,https://www.tiktok.com/@detikcom/video/7545059513821449473?is_from_webapp=1&sender_device=pc,https://www.tiktok.com/@detikcom/video/7545059513821449473?is_from_webapp=1&sender_device=pc,7545072344403051282,1756724055,2025-09-01T10:54:15.000Z,semangat,0,False,False,,0.0,7530173390947173384,eta32060,https://p16-sign-sg.tiktokcdn.com/tos-alisg-avt-0068/09ec6b1a9e060cecfdd9e26cb1da0058~tplv-tiktokx-cropcenter:100:100.jpg?dr=14579&refresh_token=740c9883&x-expires=1764756000&x-signature=VdBs%2BsaE7VUQF02MmUE8zkBdrHY%3D&t=4d5b0474&ps=13740610&shp=30310797&shcp=ff37627b&idc=my,[],[]
https://www.tiktok.com/@detikcom/video/7545059513821449473,https://www.tiktok.com/@detikcom/video/7545059513821449473?is_from_webapp=1&sender_device=pc,https://www.tiktok.com/@detikcom/video/7545059513821449473?is_from_webapp=1&sender_device=pc,7545060513945355026,1756721302,2025-09-01T10:08:22.000Z,ke dua,1,False,False,,0.0,7445210528454231056,satria_8413,https://p16-sign-sg.tiktokcdn.com/tos-alisg-avt-0068/cc66b47d1b3dc2c7b13786054dc12a6f~tplv-tiktokx-cropcenter:100:100.jpg?dr=14579&refresh_token=adb18ed2&x-expires=1764756000&x-signature=tETY%2BLKZpSYt8yUZHERsUAECtRA%3D&t=4d5b0474&ps=13740610&shp=30310797&shcp=ff37627b&idc=my,[],[]
https://www.tiktok.com/@detikcom/video/7545059513821449473,https://www.tiktok.com/@detikcom/video/7545059513821449473?is_from_webapp=1&sender_device=pc,https://www.tiktok.com/@detikcom/video/7545059513821449473?is_from_webapp=1&sender_device=pc,7545082168692327186,1756726467,2025-09-01T11:34:27.000Z,terima kasih,0,False,False,,0.0,6545282297075286017,2160662710,https://p16-sign-sg.tiktokcdn.com/tos-alisg-avt-0068/7335043053800931335~tplv-tiktokx-cropcenter:100:100.jpg?dr=14579&refresh_token=d763aea6&x-expires=1764756000&x-signature=AT7ReK8lys204tfGHg4zMIUYO9I%3D&t=4d5b0474&ps=13740610&shp=30310797&shcp=ff37627b&idc=my,[],[]
https://www.tiktok.com/@detikcom/video/7545059513821449473,https://www.tiktok.com/@detikcom/video/7545059513821449473?is_from_webapp=1&sender_device=pc,https://www.tiktok.com/@detikcom/video/7545059513821449473?is_from_webapp=1&sender_device=pc,7545066916777427730,1756722794,2025-09-01T10:33:14.000Z,"good job,, demo yg cerdas",27,False,False,,0.0,7117758652908667931,user6672053265859,https://p16-sign-va.tiktokcdn.com/tos-maliva-avt-0068/daf666191acb858a2e58771960c1fb84~tplv-tiktokx-cropcenter:100:100.jpg?dr=14579&refresh_token=1e6b637a&x-expires=1764756000&x-signature=d2Xz1%2BcETka2iSRukhBLnOsw5Vg%3D&t=4d5b0474&ps=13740610&shp=30310797&shcp=ff37627b&idc=my,[],[]
https://www.tiktok.com/@detikcom/video/7545059513821449473,https://www.tiktok.com/@detikcom/video/7545059513821449473?is_from_webapp=1&sender_device=pc,https://www.tiktok.com/@detikcom/video/7545059513821449473?is_from_webapp=1&sender_device=pc,7545071118186906376,1756723771,2025-09-01T10:49:31.000Z,Semangat perjuangan 🙏🏻,0,False,False,,0.0,7089656111037514779,juliamaxwell,https://p16-sign-sg.tiktokcdn.com/tos-alisg-avt-0068/2def3c5c1e0a0495b677247fa45fff68~tplv-tiktokx-cropcenter:100:100.jpg?dr=14579&refresh_token=3ff771b3&x-expires=1764756000&x-signature=k0mWQdTODjx6DrWfAsQ%2BtFUY4Ms%3D&t=4d5b0474&ps=13740610&shp=30310797&shcp=ff37627b&idc=my,[],[]
https://www.tiktok.com/@detikcom/video/7545059513821449473,https://www.tiktok.com/@detikcom/video/7545059513821449473?is_from_webapp=1&sender_device=pc,https://www.tiktok.com/@detikcom/video/7545059513821449473?is_from_webapp=1&sender_device=pc,7545071469786809104,1756723855,2025-09-01T10:50:55.000Z,Semnagat 💪💪,0,False,False,,0.0,7306988500632978450,arvelitaaxelia,https://p16-sign-sg.tiktokcdn.com/tos-alisg-avt-0068/45775e8f691e806a7b9cfc3ac8d343a3~tplv-tiktokx-cropcenter:100:100.jpg?dr=14579&refresh_token=f84e4f5b&x-expires=1764756000&x-signature=8Vl%2Ba70zmDc%2FWKcrpy2Yko5nvt0%3D&t=4d5b0474&ps=13740610&shp=30310797&shcp=ff37627b&idc=my,[],[]
https://www.tiktok.com/@detikcom/video/7545059513821449473,https://www.tiktok.com/@detikcom/video/7545059513821449473?is_from_webapp=1&sender_device=pc,https://www.tiktok.com/@detikcom/video/7545059513821449473?is_from_webapp=1&sender_device=pc,7545130239203197713,1756737535,2025-09-01T14:38:55.000Z,iyaaaaaaaa,0,False,False,,0.0,7457768751624176646,irwan.irwan4355,https://p16-sign-sg.tiktokcdn.com/tos-alisg-avt-0068/a5a1832493effecf13cbad27e1b085ef~tplv-tiktokx-cropcenter:100:100.jpg?dr=14579&refresh_token=e667dcc7&x-expires=1764756000&x-signature=rQkBDr6JX12m4zFxrTO9xN%2BxFlA%3D&t=4d5b0474&ps=13740610&shp=30310797&shcp=ff37627b&idc=my,[],[]
https://www.tiktok.com/@detikcom/video/7545059513821449473,https://www.tiktok.com/@detikcom/video/7545059513821449473?is_from_webapp=1&sender_device=pc,https://www.tiktok.com/@detikcom/video/7545059513821449473?is_from_webapp=1&sender_device=pc,7545124202081616647,1756736129,2025-09-01T14:15:29.000Z,mas herdi keren....,0,False,False,,0.0,7440068103134102535,rahayu.wulan46,https://p16-sign-sg.tiktokcdn.com/tos-alisg-avt-0068/3266524f967e4030fee4021df0ba165b~tplv-tiktokx-cropcenter:100:100.jpg?dr=14579&refresh_token=2e395fcd&x-expires=1764756000&x-signature=SiUgrmoKbZmNbsTMUZZ0Tnpu38Y%3D&t=4d5b0474&ps=13740610&shp=30310797&shcp=ff37627b&idc=my,[],[]
https://www.tiktok.com/@detikcom/video/7545059513821449473,https://www.tiktok.com/@detikcom/video/7545059513821449473?is_from_webapp=1&sender_device=pc,https://www.tiktok.com/@detikcom/video/7545059513821449473?is_from_webapp=1&sender_device=pc,7545077049305989896,1756725152,2025-09-01T11:12:32.000Z,salut bre 👍,0,False,False,,0.0,7386725893953750022,r38vl4nh,https://p16-sign-sg.tiktokcdn.com/tos-alisg-avt-0068/dc36c03b5fcc4fcd80a193eeb7f6b3c2~tplv-tiktokx-cropcenter:100:100.jpg?dr=14579&refresh_token=7131744b&x-expires=1764756000&x-signature=rTNfFBlkiJUTZibC8mrsFFr1DMI%3D&t=4d5b0474&ps=13740610&shp=30310797&shcp=ff37627b&idc=my,[],[]
https://www.tiktok.com/@detikcom/video/7545059513821449473,https://www.tiktok.com/@detikcom/video/7545059513821449473?is_from_webapp=1&sender_device=pc,https://www.tiktok.com/@detikcom/video/7545059513821449473?is_from_webapp=1&sender_device=pc,7545067377177821960,1756722901,2025-09-01T10:35:01.000Z,SEMANGAT 💪,0,False,False,,0.0,7109749987572302849,13.fufufafax,https://p16-sign-sg.tiktokcdn.com/tos-alisg-avt-0068/ada1ef6fbeb3fd3aea6d5e24c05b02f9~tplv-tiktokx-cropcenter:100:100.jpg?dr=14579&refresh_token=51a391d8&x-expires=1764756000&x-signature=svaBngfSMbOyQBTfk7mU%2Fv40ovU%3D&t=4d5b0474&ps=13740610&shp=30310797&shcp=ff37627b&idc=my,[],[]
https://www.tiktok.com/@detikcom/video/7545059513821449473,https://www.tiktok.com/@detikcom/video/7545059513821449473?is_from_webapp=1&sender_device=pc,https://www.tiktok.com/@detikcom/video/7545059513821449473?is_from_webapp=1&sender_device=pc,7545063295469175568,1756721950,2025-09-01T10:19:10.000Z,p,0,False,False,,0.0,7190357014492578818,.ndra_2113,https://p16-sign-sg.tiktokcdn.com/tos-alisg-avt-0068/a358dc01e89480d392cf53d763688f9d~tplv-tiktokx-cropcenter:100:100.jpg?dr=14579&refresh_token=9b01deb1&x-expires=1764756000&x-signature=zU2XH868DGjWhxec7wEcBct7o9Q%3D&t=4d5b0474&ps=13740610&shp=30310797&shcp=ff37627b&idc=my,[],[]
https://www.tiktok.com/@detikcom/video/7545059513821449473,https://www.tiktok.com/@detikcom/video/7545059513821449473?is_from_webapp=1&sender_device=pc,https://www.tiktok.com/@detikcom/video/7545059513821449473?is_from_webapp=1&sender_device=pc,7545759906005254930,1756884146,2025-09-03T07:22:26.000Z,Semangatt,1,False,False,,0.0,7519880458168992789,bryan.boy22,https://p16-common-sign.tiktokcdn-us.com/tos-alisg-avt-0068/1f57c33c44c33122819adf0f948baffa~tplv-tiktokx-cropcenter:100:100.jpg?dr=9640&refresh_token=3fca1f6f&x-expires=1764756000&x-signature=7ruIfZ8P6BBRkWxxcNd6ASyZuH4%3D&t=4d5b0474&ps=13740610&shp=30310797&shcp=ff37627b&idc=useast8,[],[]
https://www.tiktok.com/@detikcom/video/7545059513821449473,https://www.tiktok.com/@detikcom/video/7545059513821449473?is_from_webapp=1&sender_device=pc,https://www.tiktok.com/@detikcom/video/7545059513821449473?is_from_webapp=1&sender_device=pc,7545088977712595720,1756727929,2025-09-01T11:58:49.000Z,Bang kyk cape banget kurang tidur.. semangat2,4,False,False,,0.0,7538818596828316680,adele14794,https://p16-common-sign.tiktokcdn-us.com/musically-maliva-obj/1594805258216454~tplv-tiktokx-cropcenter:100:100.jpg?dr=9640&refresh_token=9e7facf1&x-expires=1764756000&x-signature=sAk9v62IG1kaGY%2Fiaki8I%2FmAZaM%3D&t=4d5b0474&ps=13740610&shp=30310797&shcp=ff37627b&idc=useast8,[],[]
https://www.tiktok.com/@detikcom/video/7545059513821449473,https://www.tiktok.com/@detikcom/video/7545059513821449473?is_from_webapp=1&sender_device=pc,https://www.tiktok.com/@detikcom/video/7545059513821449473?is_from_webapp=1&sender_device=pc,7545070095035302674,1756723532,2025-09-01T10:45:32.000Z,stay safe dan jaga kesehatan nya brother,3,False,False,,0.0,6911767327626331137,mjrsafiliate,https://p16-common-sign.tiktokcdn-us.com/tos-alisg-avt-0068/1cbd7e28761aee5645a00c1f18242e60~tplv-tiktokx-cropcenter:100:100.jpg?dr=9640&refresh_token=0b6d54b2&x-expires=1764756000&x-signature=1a1cSVL0%2BeRLGL9XanTgTua01G4%3D&t=4d5b0474&ps=13740610&shp=30310797&shcp=ff37627b&idc=useast8,[],[]
https://www.tiktok.com/@detikcom/video/7545059513821449473,https://www.tiktok.com/@detikcom/video/7545059513821449473?is_from_webapp=1&sender_device=pc,https://www.tiktok.com/@detikcom/video/7545059513821449473?is_from_webapp=1&sender_device=pc,7545121359958819602,1756735469,2025-09-01T14:04:29.000Z,"makasih pejuang pejuang Indonesia, sehat sehat selalu ya",1,False,False,,0.0,7277805797554373638,navanda98,https://p16-common-sign.tiktokcdn-us.com/tos-maliva-avt-0068/79f6c2d05715df0a21b526bd9234c45b~tplv-tiktokx-cropcenter:100:100.jpg?dr=9640&refresh_token=906ea04d&x-expires=1764756000&x-signature=i3rGmTLbg3mL9mWgQWJ%2BtPLSjs0%3D&t=4d5b0474&ps=13740610&shp=30310797&shcp=ff37627b&idc=useast8,[],[]
https://www.tiktok.com/@detikcom/video/7545059513821449473,https://www.tiktok.com/@detikcom/video/7545059513821449473?is_from_webapp=1&sender_device=pc,https://www.tiktok.com/@detikcom/video/7545059513821449473?is_from_webapp=1&sender_device=pc,7545073783116202770,1756724390,2025-09-01T10:59:50.000Z,mantap,2,False,False,,0.0,7243100365858620418,sumiyatk,https://p16-common-sign.tiktokcdn-us.com/tos-alisg-avt-0068/f8576bfefabd4166a28d4c9f2077629c~tplv-tiktokx-cropcenter:100:100.jpg?dr=9640&refresh_token=a56f40c3&x-expires=1764756000&x-signature=qkk4nR7uuhxTUSN3VAs4%2BJaXTPo%3D&t=4d5b0474&ps=13740610&shp=30310797&shcp=ff37627b&idc=useast8,[],[]
https://www.tiktok.com/@detikcom/video/7545059513821449473,https://www.tiktok.com/@detikcom/video/7545059513821449473?is_from_webapp=1&sender_device=pc,https://www.tiktok.com/@detikcom/video/7545059513821449473?is_from_webapp=1&sender_device=pc,7545090731900797703,1756728339,2025-09-01T12:05:39.000Z,semangat... sehat2 ya ka,1,False,False,,0.0,6994247288939873282,tince0232,https://p16-common-sign.tiktokcdn-us.com/tos-maliva-avt-0068/d245d54a24fe1453385250573c405485~tplv-tiktokx-cropcenter:100:100.jpg?dr=9640&refresh_token=b44966e6&x-expires=1764756000&x-signature=dj%2F1aW40U8jqv1iV%2FYUGiZtQwAc%3D&t=4d5b0474&ps=13740610&shp=30310797&shcp=ff37627b&idc=useast8,[],[]
https://www.tiktok.com/@detikcom/video/7545059513821449473,https://www.tiktok.com/@detikcom/video/7545059513821449473?is_from_webapp=1&sender_device=pc,https://www.tiktok.com/@detikcom/video/7545059513821449473?is_from_webapp=1&sender_device=pc,7545067067222393607,1756722828,2025-09-01T10:33:48.000Z,semoga Alloh melindungi paravpejuang yg sedang menuntut hak2 rakyat indonesia,2,False,False,,0.0,6867871687321568258,pawondjengsri,https://p16-common-sign.tiktokcdn-us.com/tos-useast2a-avt-0068-giso/c72ce407408de3eb036f049bcf9e16e6~tplv-tiktokx-cropcenter:100:100.jpg?dr=9640&refresh_token=31c8db8b&x-expires=1764756000&x-signature=XWLqxHi3f04quvTz%2FPTq%2BMAh4jA%3D&t=4d5b0474&ps=13740610&shp=30310797&shcp=ff37627b&idc=useast8,[],[]
https://www.tiktok.com/@detikcom/video/7545059513821449473,https://www.tiktok.com/@detikcom/video/7545059513821449473?is_from_webapp=1&sender_device=pc,https://www.tiktok.com/@detikcom/video/7545059513821449473?is_from_webapp=1&sender_device=pc,7545083437237928712,1756726639,2025-09-01T11:37:19.000Z,Stop digiring mahasiswa dan rakyat anarkis kita cuma butuh negara ingin tuntutan nya dikabulkan,1,False,False,,0.0,7515888371861324806,penikmat.coffee78,https://p16-common-sign.tiktokcdn-us.com/tos-alisg-avt-0068/5f3dbcd56f667699e6ac2aa4d5fe4d91~tplv-tiktokx-cropcenter:100:100.jpg?dr=9640&refresh_token=4e0385c0&x-expires=1764756000&x-signature=JypgNzX7WSOxRtGLj5vZd9eBtzo%3D&t=4d5b0474&ps=13740610&shp=30310797&shcp=ff37627b&idc=useast8,[],[]
https://www.tiktok.com/@detikcom/video/7545059513821449473,https://www.tiktok.com/@detikcom/video/7545059513821449473?is_from_webapp=1&sender_device=pc,https://www.tiktok.com/@detikcom/video/7545059513821449473?is_from_webapp=1&sender_device=pc,7545084728937906951,1756726942,2025-09-01T11:42:22.000Z,"Yok melek guys, melek, ademkan atinya, JANGAN SAMPE KESULUTTT 🙏🙏🙏",1,False,False,,0.0,7317142592462242822,sipengenwangi,https://p16-common-sign.tiktokcdn-us.com/tos-maliva-avt-0068/dc4ef8d61ad7ff86d4ecde0befc008d7~tplv-tiktokx-cropcenter:100:100.jpg?dr=9640&refresh_token=bcf79641&x-expires=1764756000&x-signature=8N22gO1mevB4tqRohmVtWLPHvdM%3D&t=4d5b0474&ps=13740610&shp=30310797&shcp=ff37627b&idc=useast8,[],[]
https://www.tiktok.com/@detikcom/video/7545059513821449473,https://www.tiktok.com/@detikcom/video/7545059513821449473?is_from_webapp=1&sender_device=pc,https://www.tiktok.com/@detikcom/video/7545059513821449473?is_from_webapp=1&sender_device=pc,7545099800205935378,1756730452,2025-09-01T12:40:52.000Z,mantap Andovi 👏👏👏👏,1,False,False,,0.0,6926109664670106625,nitsirk_08,https://p16-common-sign.tiktokcdn-us.com/tos-alisg-avt-0068/ecf33e257cb8075aeb34dd6cb8c115c8~tplv-tiktokx-cropcenter:100:100.jpg?dr=9640&refresh_token=880ad03a&x-expires=1764756000&x-signature=z%2F8xTRfqLyOTecJI8cTvBHrlrY8%3D&t=4d5b0474&ps=13740610&shp=30310797&shcp=ff37627b&idc=useast8,[],[]
https://www.tiktok.com/@detikcom/video/7545059513821449473,https://www.tiktok.com/@detikcom/video/7545059513821449473?is_from_webapp=1&sender_device=pc,https://www.tiktok.com/@detikcom/video/7545059513821449473?is_from_webapp=1&sender_device=pc,7545084543025595144,1756726897,2025-09-01T11:41:37.000Z,"RAKYAT DEMOKRASI, PARA WAKIL?",1,False,False,,0.0,7437091155156452360,codeblade_,https://p16-common-sign.tiktokcdn-us.com/tos-alisg-avt-0068/646251129455437038fe1d98cc90d779~tplv-tiktokx-cropcenter:100:100.jpg?dr=9640&refresh_token=c5c800df&x-expires=1764756000&x-signature=VtkrWZy5TIInWJIxuUG%2BbzL5DrQ%3D&t=4d5b0474&ps=13740610&shp=30310797&shcp=ff37627b&idc=useast8,[],[]
https://www.tiktok.com/@detikcom/video/7545059513821449473,https://www.tiktok.com/@detikcom/video/7545059513821449473?is_from_webapp=1&sender_device=pc,https://www.tiktok.com/@detikcom/video/7545059513821449473?is_from_webapp=1&sender_device=pc,7545090502438880007,1756728285,2025-09-01T12:04:45.000Z,fyp demo ilangggg,1,False,False,,0.0,7062918608671245338,callmeaca100,https://p16-common-sign.tiktokcdn-us.com/tos-alisg-avt-0068/c69109edef5afa27b405eccfd173ed83~tplv-tiktokx-cropcenter:100:100.jpg?dr=9640&refresh_token=664a045d&x-expires=1764756000&x-signature=K5guXX%2ByuTRx4PHQnEtC6L880cQ%3D&t=4d5b0474&ps=13740610&shp=30310797&shcp=ff37627b&idc=useast8,[],[]
https://www.tiktok.com/@detikcom/video/7545059513821449473,https://www.tiktok.com/@detikcom/video/7545059513821449473?is_from_webapp=1&sender_device=pc,https://www.tiktok.com/@detikcom/video/7545059513821449473?is_from_webapp=1&sender_device=pc,7545068413052617480,1756723140,2025-09-01T10:39:00.000Z,"Ini baru Mahasiswa,,,dewasa & Brani tanggung jwb👍👍👍",1,False,False,,0.0,7320789132036850689,aank.wahyu,https://p16-common-sign.tiktokcdn-us.com/tos-alisg-avt-0068/054dabd20f64fc411c114c3cd14b5223~tplv-tiktokx-cropcenter:100:100.jpg?dr=9640&refresh_token=f53317f4&x-expires=1764756000&x-signature=qR%2BLUq6e%2B5becYF9c45ZjQsfQJY%3D&t=4d5b0474&ps=13740610&shp=30310797&shcp=ff37627b&idc=useast8,[],[]
https://www.tiktok.com/@detikcom/video/7545059513821449473,https://www.tiktok.com/@detikcom/video/7545059513821449473?is_from_webapp=1&sender_device=pc,https://www.tiktok.com/@detikcom/video/7545059513821449473?is_from_webapp=1&sender_device=pc,7545068396380734216,1756723139,2025-09-01T10:38:59.000Z,samaaa.. hidupku super hampa ga bs liat live tiktok 😭,8,False,,7545062666955424530,,7201919120815555585,bfarahputri,https://p16-common-sign.tiktokcdn-us.com/tos-alisg-avt-0068/ebf2f44a420884246fe5a384c82d0fcd~tplv-tiktokx-cropcenter:100:100.jpg?dr=9640&refresh_token=ec25e1a3&x-expires=1764756000&x-signature=eidG8Hno00NKVuRMfoPZVSxms8Q%3D&t=4d5b0474&ps=13740610&shp=30310797&shcp=ff37627b&idc=useast8,[],[]
https://www.tiktok.com/@detikcom/video/7545059513821449473,https://www.tiktok.com/@detikcom/video/7545059513821449473?is_from_webapp=1&sender_device=pc,https://www.tiktok.com/@detikcom/video/7545059513821449473?is_from_webapp=1&sender_device=pc,7545070386607604501,1756723604,2025-09-01T10:46:44.000Z,"Tau gak sih kak tik tok tanpa live kayak pas aku gak di kasih uang belanja sama suamiku kaka , hambar",2,False,,7545062666955424530,,6763814595712402434,bianca.callistaa,https://p16-common-sign.tiktokcdn-us.com/tos-alisg-avt-0068/30c4c99bf912c5fa5ee39a046e9ba163~tplv-tiktokx-cropcenter:100:100.jpg?dr=9640&refresh_token=2e3f0b18&x-expires=1764756000&x-signature=y%2FWK91aAmWJy5sNff9vAegfuEsk%3D&t=4d5b0474&ps=13740610&shp=30310797&shcp=ff37627b&idc=useast8,[],[]
https://www.tiktok.com/@detikcom/video/7545059513821449473,https://www.tiktok.com/@detikcom/video/7545059513821449473?is_from_webapp=1&sender_device=pc,https://www.tiktok.com/@detikcom/video/7545059513821449473?is_from_webapp=1&sender_device=pc,7545070644212335368,1756723659,2025-09-01T10:47:39.000Z,"nah kan, apalgi live jualan itu hiburan banget 🥺🥲🥲",0,False,,7545062666955424530,,7201919120815555585,bfarahputri,https://p16-common-sign.tiktokcdn-us.com/tos-alisg-avt-0068/ebf2f44a420884246fe5a384c82d0fcd~tplv-tiktokx-cropcenter:100:100.jpg?dr=9640&refresh_token=ec25e1a3&x-expires=1764756000&x-signature=eidG8Hno00NKVuRMfoPZVSxms8Q%3D&t=4d5b0474&ps=13740610&shp=30310797&shcp=ff37627b&idc=useast8,[],[]
https://www.tiktok.com/@detikcom/video/7545059513821449473,https://www.tiktok.com/@detikcom/video/7545059513821449473?is_from_webapp=1&sender_device=pc,https://www.tiktok.com/@detikcom/video/7545059513821449473?is_from_webapp=1&sender_device=pc,7545087644990063368,1756727621,2025-09-01T11:53:41.000Z,"yu @TikTok you can do it, open live fitur like now!",1,False,,7545062666955424530,,6683118385478534145,oanggieo,https://p16-common-sign.tiktokcdn-us.com/tos-alisg-avt-0068/6c1025d89fc5262dd9ed995c095b0046~tplv-tiktokx-cropcenter:100:100.jpg?dr=9640&refresh_token=e37f9a29&x-expires=1764756000&x-signature=CoNdZlWUFitbdZnFc8f36D64sSw%3D&t=4d5b0474&ps=13740610&shp=30310797&shcp=ff37627b&idc=useast8,['@TikTok'],"[{'userId': '107955', 'nickName': 'TikTok', 'profileUrl': 'https://www.tiktok.com/@107955', 'secUid': 'MS4wLjABAAAAv7iSuuXDJGDvJkmH_vz1qkDZYo1apxgzaxdBSeIuPiM'}]"
https://www.tiktok.com/@detikcom/video/7545059513821449473,https://www.tiktok.com/@detikcom/video/7545059513821449473?is_from_webapp=1&sender_device=pc,https://www.tiktok.com/@detikcom/video/7545059513821449473?is_from_webapp=1&sender_device=pc,7545454429618225938,1756813020,2025-09-02T11:37:00.000Z,UDAH BISAA KAAAA,0,False,,7545062666955424530,,66213658766159872,siteuuu,https://p16-common-sign.tiktokcdn-us.com/tos-alisg-avt-0068/53ac735d15840946972e20541a6e3fda~tplv-tiktokx-cropcenter:100:100.jpg?dr=9640&refresh_token=a0343702&x-expires=1764756000&x-signature=btOx05RffON3feL4K%2BvUUY3N5PE%3D&t=4d5b0474&ps=13740610&shp=30310797&shcp=ff37627b&idc=useast8,[],[]
https://www.tiktok.com/@detikcom/video/7545059513821449473,https://www.tiktok.com/@detikcom/video/7545059513821449473?is_from_webapp=1&sender_device=pc,https://www.tiktok.com/@detikcom/video/7545059513821449473?is_from_webapp=1&sender_device=pc,7545077274447725329,1756725213,2025-09-01T11:13:33.000Z,iy bnr jd gk update nih 😁😁,0,False,,7545062666955424530,,7366866884455056390,hens.wijaya6,https://p16-common-sign.tiktokcdn-us.com/tos-maliva-avt-0068/4a28b42f5d114a3202031b7aebfb6742~tplv-tiktokx-cropcenter:100:100.jpg?dr=9640&refresh_token=2754f0e4&x-expires=1764756000&x-signature=sYnR56961u3lv6%2FaTuWkKgkDQJc%3D&t=4d5b0474&ps=13740610&shp=30310797&shcp=ff37627b&idc=useast8,[],[]
https://www.tiktok.com/@detikcom/video/7545059513821449473,https://www.tiktok.com/@detikcom/video/7545059513821449473?is_from_webapp=1&sender_device=pc,https://www.tiktok.com/@detikcom/video/7545059513821449473?is_from_webapp=1&sender_device=pc,7545072157543809810,1756724018,2025-09-01T10:53:38.000Z,"gue juga kangen live tiktok
pengen banyak cuan anjay
😀😀😀😀",0,False,,7545062666955424530,,6855085986183988225,teguh.parjo,https://p16-common-sign.tiktokcdn-us.com/tos-maliva-avt-0068/7293879993997164549~tplv-tiktokx-cropcenter:100:100.jpg?dr=9640&refresh_token=89bf3024&x-expires=1764756000&x-signature=4ij6gxJSGhKET9YJCE70BSQ1Nnk%3D&t=4d5b0474&ps=13740610&shp=30310797&shcp=ff37627b&idc=useast8,[],[]
https://www.tiktok.com/@detikcom/video/7545059513821449473,https://www.tiktok.com/@detikcom/video/7545059513821449473?is_from_webapp=1&sender_device=pc,https://www.tiktok.com/@detikcom/video/7545059513821449473?is_from_webapp=1&sender_device=pc,7545071094148055816,1756723766,2025-09-01T10:49:26.000Z,Di ig metro lg live,0,False,,7545062666955424530,,7287206145927939078,ratna.sari6467,https://p16-common-sign.tiktokcdn-us.com/tos-alisg-avt-0068/80d28a20902e677c0537bf4709518c4d~tplv-tiktokx-cropcenter:100:100.jpg?dr=9640&refresh_token=6e15717d&x-expires=1764756000&x-signature=kaSF2bXgb6lyxIVvprbvoA3%2BV7Q%3D&t=4d5b0474&ps=13740610&shp=30310797&shcp=ff37627b&idc=useast8,[],[]
https://www.tiktok.com/@detikcom/video/7545059513821449473,https://www.tiktok.com/@detikcom/video/7545059513821449473?is_from_webapp=1&sender_device=pc,https://www.tiktok.com/@detikcom/video/7545059513821449473?is_from_webapp=1&sender_device=pc,7545086995212534548,1756727469,2025-09-01T11:51:09.000Z,punya pikiran sempit amat wkwk,3,False,,7545078770040029970,,7052244432268116993,ring17everybody,https://p19-common-sign.tiktokcdn-us.com/tos-alisg-avt-0068/84ee8422a6dea10842d1f3d4f613644e~tplv-tiktokx-cropcenter:100:100.jpg?dr=9640&refresh_token=bb834c1b&x-expires=1764756000&x-signature=qdxHo1XUCisLxTRB5pBfuPjNGn4%3D&t=4d5b0474&ps=13740610&shp=30310797&shcp=ff37627b&idc=useast8,[],[]
https://www.tiktok.com/@detikcom/video/7545059513821449473,https://www.tiktok.com/@detikcom/video/7545059513821449473?is_from_webapp=1&sender_device=pc,https://www.tiktok.com/@detikcom/video/7545059513821449473?is_from_webapp=1&sender_device=pc,7545132789265908487,1756738130,2025-09-01T14:48:50.000Z,iya sama kaya tanggal 25 gak didengar malah diusir polisi pas ada korban tanggal 28 29 makin marah masyarakat baru didengar lawak emang dpr,0,False,,7545078770040029970,,7056350528553534490,m.footballlegend,https://p16-common-sign.tiktokcdn-us.com/tos-maliva-avt-0068/e2a7af1ba8e3362c2312c632572dc4d9~tplv-tiktokx-cropcenter:100:100.jpg?dr=9640&refresh_token=12c5a993&x-expires=1764756000&x-signature=O1Q9qzivMzTGifA%2BAx%2BoQF6K2V8%3D&t=4d5b0474&ps=13740610&shp=30310797&shcp=ff37627b&idc=useast8,[],[]
https://www.tiktok.com/@detikcom/video/7545059513821449473,https://www.tiktok.com/@detikcom/video/7545059513821449473?is_from_webapp=1&sender_device=pc,https://www.tiktok.com/@detikcom/video/7545059513821449473?is_from_webapp=1&sender_device=pc,7545079139184313096,1756725640,2025-09-01T11:20:40.000Z,cair cairrrr,1,False,,7545078770040029970,,105436268116709376,dloyeon,https://p19-common-sign.tiktokcdn-us.com/tos-alisg-avt-0068/31010bd99dc53bf63552572423018318~tplv-tiktokx-cropcenter:100:100.jpg?dr=9640&refresh_token=353acaf9&x-expires=1764756000&x-signature=H1HIvjoIleBYNitM5MJZDEw5VFg%3D&t=4d5b0474&ps=13740610&shp=30310797&shcp=ff37627b&idc=useast8,[],[]
https://www.tiktok.com/@detikcom/video/7545059513821449473,https://www.tiktok.com/@detikcom/video/7545059513821449473?is_from_webapp=1&sender_device=pc,https://www.tiktok.com/@detikcom/video/7545059513821449473?is_from_webapp=1&sender_device=pc,7545079751343342354,1756725785,2025-09-01T11:23:05.000Z,"setiap kali pemilu ada kah perubahan yg baik, adakah perlindungan rakyat dr negara , tidak ada ,,",0,False,,7545078770040029970,,7197604476253291546,kdkpna4,https://p16-common-sign.tiktokcdn-us.com/tos-alisg-avt-0068/4c5186958af40bf821d76b9822f18f12~tplv-tiktokx-cropcenter:100:100.jpg?dr=9640&refresh_token=30d29dfd&x-expires=1764756000&x-signature=taV8RQcbpHXobRq58S0WV9ELx9s%3D&t=4d5b0474&ps=13740610&shp=30310797&shcp=ff37627b&idc=useast8,[],[]
https://www.tiktok.com/@detikcom/video/7545059513821449473,https://www.tiktok.com/@detikcom/video/7545059513821449473?is_from_webapp=1&sender_device=pc,https://www.tiktok.com/@detikcom/video/7545059513821449473?is_from_webapp=1&sender_device=pc,7545104205473841928,1756731476,2025-09-01T12:57:56.000Z,"Paling tidak kebijakan penonaktifan pejabat2 yg kemarin asal ngomong, itu semua berkat demo. Demo aja belum tentu didenger, apalagi gak demo?",1,False,,7545078770040029970,,6919746004787921922,autumnoises,https://p16-common-sign.tiktokcdn-us.com/tos-maliva-avt-0068/9b5579c1a411ed1048ba1a9bfe1285cc~tplv-tiktokx-cropcenter:100:100.jpg?dr=9640&refresh_token=095d6991&x-expires=1764756000&x-signature=jod9OiQyEHMHJe3sVaO6JPmin78%3D&t=4d5b0474&ps=13740610&shp=30310797&shcp=ff37627b&idc=useast8,[],[]
https://www.tiktok.com/@detikcom/video/7545059513821449473,https://www.tiktok.com/@detikcom/video/7545059513821449473?is_from_webapp=1&sender_device=pc,https://www.tiktok.com/@detikcom/video/7545059513821449473?is_from_webapp=1&sender_device=pc,7545106910837621521,1756732112,2025-09-01T13:08:32.000Z,"pecundang akan selalu pesimis setiap ada aksi 🤪
PECUNDANG 🤣",2,False,,7545078770040029970,,7492483407281882129,eizen.de.pene,https://p16-common-sign.tiktokcdn-us.com/tos-alisg-avt-0068/ddd5fa470d72ba3d4b14a8ce38691091~tplv-tiktokx-cropcenter:100:100.jpg?dr=9640&refresh_token=657581c0&x-expires=1764756000&x-signature=NEEufXiyjIxc69YwY2ZQNFp1WpQ%3D&t=4d5b0474&ps=13740610&shp=30310797&shcp=ff37627b&idc=useast8,[],[]
https://www.tiktok.com/@detikcom/video/7545059513821449473,https://www.tiktok.com/@detikcom/video/7545059513821449473?is_from_webapp=1&sender_device=pc,https://www.tiktok.com/@detikcom/video/7545059513821449473?is_from_webapp=1&sender_device=pc,7545125349572576008,1756736398,2025-09-01T14:19:58.000Z,sering sering posting ulang tentang demo kak pasti ga hilang,8,False,,7545067452578366216,,7034476504026219522,noviamawarni_,https://p16-common-sign.tiktokcdn-us.com/tos-maliva-avt-0068/639913218c3dde734143e4cc5ca00733~tplv-tiktokx-cropcenter:100:100.jpg?dr=9640&refresh_token=34664ad3&x-expires=1764756000&x-signature=ieQNaf1%2BwvJsPkrvm5r8CzXI0Hc%3D&t=4d5b0474&ps=13740610&shp=30310797&shcp=ff37627b&idc=useast5,[],[]
https://www.tiktok.com/@detikcom/video/7545059513821449473,https://www.tiktok.com/@detikcom/video/7545059513821449473?is_from_webapp=1&sender_device=pc,https://www.tiktok.com/@detikcom/video/7545059513821449473?is_from_webapp=1&sender_device=pc,7545137739189764872,1756739283,2025-09-01T15:08:03.000Z,"bener q jg gini, jd mulai balik lg fyp demo",0,False,,7545067452578366216,,7077186235270497286,shafiramakeup7,https://p16-common-sign.tiktokcdn-us.com/tos-alisg-avt-0068/8c5b3a5e02c991f82aca32cb6d1da16f~tplv-tiktokx-cropcenter:100:100.jpg?dr=9640&refresh_token=36af026c&x-expires=1764756000&x-signature=iNdLSENMMzDkoB5hdHzFEn8gdHs%3D&t=4d5b0474&ps=13740610&shp=30310797&shcp=ff37627b&idc=useast5,[],[]
https://www.tiktok.com/@detikcom/video/7545059513821449473,https://www.tiktok.com/@detikcom/video/7545059513821449473?is_from_webapp=1&sender_device=pc,https://www.tiktok.com/@detikcom/video/7545059513821449473?is_from_webapp=1&sender_device=pc,7545094100925678344,1756729124,2025-09-01T12:18:44.000Z,Bagus dong kan emang udah gak demo lagi. Lu mau terus2an demo ???,3,False,,7545067452578366216,,7345531228601271298,fiqri.fajri93,https://p16-common-sign.tiktokcdn-us.com/tos-alisg-avt-0068/aa271f5de1f05ad836596ef4423e5b23~tplv-tiktokx-cropcenter:100:100.jpg?dr=9640&refresh_token=65984efd&x-expires=1764756000&x-signature=HiYXPQ8kmUjozEMAWG8YdwkaZuU%3D&t=4d5b0474&ps=13740610&shp=30310797&shcp=ff37627b&idc=useast5,[],[]
https://www.tiktok.com/@detikcom/video/7545059513821449473,https://www.tiktok.com/@detikcom/video/7545059513821449473?is_from_webapp=1&sender_device=pc,https://www.tiktok.com/@detikcom/video/7545059513821449473?is_from_webapp=1&sender_device=pc,7545125407989875473,1756736413,2025-09-01T14:20:13.000Z,ga demo lg? lha video ini kan berita demo hari ini tgl 1 September...,6,False,,7545067452578366216,,6830769031684244481,lid.do.render,https://p16-common-sign.tiktokcdn-us.com/tos-alisg-avt-0068/d179c89e341f5313dd0219faca05c9c9~tplv-tiktokx-cropcenter:100:100.jpg?dr=9640&refresh_token=e5021fed&x-expires=1764756000&x-signature=GU5Or6BTxaBcSoTpQ2mby4L8oSI%3D&t=4d5b0474&ps=13740610&shp=30310797&shcp=ff37627b&idc=useast5,[],[]
https://www.tiktok.com/@detikcom/video/7545059513821449473,https://www.tiktok.com/@detikcom/video/7545059513821449473?is_from_webapp=1&sender_device=pc,https://www.tiktok.com/@detikcom/video/7545059513821449473?is_from_webapp=1&sender_device=pc,7545288622468301586,1756774421,2025-09-02T00:53:41.000Z,Kayak nya ini salah ngasih caption deh soalnya wawancara ini udah ada di portal berita lain sebelum tanggal 1 September.,0,False,,7545067452578366216,,7345531228601271298,fiqri.fajri93,https://p16-common-sign.tiktokcdn-us.com/tos-alisg-avt-0068/aa271f5de1f05ad836596ef4423e5b23~tplv-tiktokx-cropcenter:100:100.jpg?dr=9640&refresh_token=65984efd&x-expires=1764756000&x-signature=HiYXPQ8kmUjozEMAWG8YdwkaZuU%3D&t=4d5b0474&ps=13740610&shp=30310797&shcp=ff37627b&idc=useast5,[],[]
https://www.tiktok.com/@detikcom/video/7545059513821449473,https://www.tiktok.com/@detikcom/video/7545059513821449473?is_from_webapp=1&sender_device=pc,https://www.tiktok.com/@detikcom/video/7545059513821449473?is_from_webapp=1&sender_device=pc,7545290356096156433,1756774839,2025-09-02T01:00:39.000Z,ngga. km yg salah.,0,False,,7545067452578366216,,6830769031684244481,lid.do.render,https://p16-common-sign.tiktokcdn-us.com/tos-alisg-avt-0068/d179c89e341f5313dd0219faca05c9c9~tplv-tiktokx-cropcenter:100:100.jpg?dr=9640&refresh_token=e5021fed&x-expires=1764756000&x-signature=GU5Or6BTxaBcSoTpQ2mby4L8oSI%3D&t=4d5b0474&ps=13740610&shp=30310797&shcp=ff37627b&idc=useast5,[],[]
https://www.tiktok.com/@detikcom/video/7545059513821449473,https://www.tiktok.com/@detikcom/video/7545059513821449473?is_from_webapp=1&sender_device=pc,https://www.tiktok.com/@detikcom/video/7545059513821449473?is_from_webapp=1&sender_device=pc,7546658974696620821,1757093475,2025-09-05T17:31:15.000Z,Cairrrr,0,False,,7545067452578366216,,7089723830742271002,takutowaa,https://p16-common-sign.tiktokcdn-us.com/tos-alisg-avt-0068/26681ba9b9dafa4f98269f6d412c56aa~tplv-tiktokx-cropcenter:100:100.jpg?dr=9640&refresh_token=5ce4336a&x-expires=1764756000&x-signature=6uQ%2Fk9j1Wm64RRASCEupP7iG6NE%3D&t=4d5b0474&ps=13740610&shp=30310797&shcp=ff37627b&idc=useast5,[],[]
