videoWebUrl,submittedVideoUrl,input,cid,createTime,createTimeISO,text,diggCount,likedByAuthor,pinnedByAuthor,repliesToId,replyCommentTotal,uid,uniqueId,avatarThumbnail,mentions,detailedMentions
https://www.tiktok.com/@winnews_/video/7545130801701113106,https://www.tiktok.com/@winnews_/video/7545130801701113106?is_from_webapp=1&sender_device=pc,https://www.tiktok.com/@winnews_/video/7545130801701113106?is_from_webapp=1&sender_device=pc,7545134790576898817,1756738601,2025-09-01T14:56:41.000Z,a person who thinks all the time..,1980,False,False,,22.0,7507231826902156304,nayutafker,https://p16-common-sign.tiktokcdn-us.com/tos-alisg-avt-0068/b5d009dddb5a74c3eee0a4f5d48e0d70~tplv-tiktokx-cropcenter:100:100.jpg?dr=9640&refresh_token=206e34e2&x-expires=1764756000&x-signature=6GabIPgtKke0PoLIl6zpQsHwM9c%3D&t=4d5b0474&ps=13740610&shp=30310797&shcp=ff37627b&idc=useast8,[],[]
https://www.tiktok.com/@winnews_/video/7545130801701113106,https://www.tiktok.com/@winnews_/video/7545130801701113106?is_from_webapp=1&sender_device=pc,https://www.tiktok.com/@winnews_/video/7545130801701113106?is_from_webapp=1&sender_device=pc,7545133484499780359,1756738290,2025-09-01T14:51:30.000Z,gen z sekarang udh pada pinter woyy😂bukan org jaman dulu yg mudah terprovokasi😂😂😂,19143,False,False,,38.0,6911271498456155138,vik100803.0,https://p16-common-sign.tiktokcdn-us.com/tos-alisg-avt-0068/e85d8083907aa906d463a989794227b3~tplv-tiktokx-cropcenter:100:100.jpg?dr=9640&refresh_token=5646051f&x-expires=1764756000&x-signature=QFqP%2BPnskESKIjfYdsM3M0jZ%2BS4%3D&t=4d5b0474&ps=13740610&shp=30310797&shcp=ff37627b&idc=useast8,[],[]
https://www.tiktok.com/@winnews_/video/7545130801701113106,https://www.tiktok.com/@winnews_/video/7545130801701113106?is_from_webapp=1&sender_device=pc,https://www.tiktok.com/@winnews_/video/7545130801701113106?is_from_webapp=1&sender_device=pc,7545141158575538965,1756740082,2025-09-01T15:21:22.000Z,people who think all the time,335,False,False,,2.0,7337680172399002630,miminkomari,https://p16-common-sign.tiktokcdn-us.com/tos-alisg-avt-0068/d49f1712d9f25ceb35e75d3a957ca7df~tplv-tiktokx-cropcenter:100:100.jpg?dr=9640&refresh_token=f6385bc2&x-expires=1764756000&x-signature=LZklCeGAXOUMt%2BCDXbE%2Fsfv7RhI%3D&t=4d5b0474&ps=13740610&shp=30310797&shcp=ff37627b&idc=useast8,[],[]
https://www.tiktok.com/@winnews_/video/7545130801701113106,https://www.tiktok.com/@winnews_/video/7545130801701113106?is_from_webapp=1&sender_device=pc,https://www.tiktok.com/@winnews_/video/7545130801701113106?is_from_webapp=1&sender_device=pc,7545137376151929608,1756739200,2025-09-01T15:06:40.000Z,"Pendemo : Meninggal
Pengaman demo : Meninggal
Yang di demo : ???",3166,False,False,,22.0,7192174750180066330,kaliansemua.com,https://p16-common-sign.tiktokcdn-us.com/tos-maliva-avt-0068/6ea0f712d5c3bbd3886a353c80bad8d6~tplv-tiktokx-cropcenter:100:100.jpg?dr=9640&refresh_token=62b7ca73&x-expires=1764756000&x-signature=V7ShUg9LQfen%2FUvOchoppEL5B7I%3D&t=4d5b0474&ps=13740610&shp=30310797&shcp=ff37627b&idc=useast8,[],[]
https://www.tiktok.com/@winnews_/video/7545130801701113106,https://www.tiktok.com/@winnews_/video/7545130801701113106?is_from_webapp=1&sender_device=pc,https://www.tiktok.com/@winnews_/video/7545130801701113106?is_from_webapp=1&sender_device=pc,7545142510834975509,1756740393,2025-09-01T15:26:33.000Z,"INI DIA PIKIRAN GW SELAMA INI, MAKASIH UDAH SPEAK UP",7536,False,False,,5.0,7540322683163051064,hadmorningstr_,https://p16-common-sign.tiktokcdn-us.com/tos-alisg-avt-0068/08f8428f9b14efcccc24f114063442f7~tplv-tiktokx-cropcenter:100:100.jpg?dr=9640&refresh_token=523ac2a0&x-expires=1764756000&x-signature=67wtwsCurvBuZP083%2BvACKJS3ro%3D&t=4d5b0474&ps=13740610&shp=30310797&shcp=ff37627b&idc=useast8,[],[]
https://www.tiktok.com/@winnews_/video/7545130801701113106,https://www.tiktok.com/@winnews_/video/7545130801701113106?is_from_webapp=1&sender_device=pc,https://www.tiktok.com/@winnews_/video/7545130801701113106?is_from_webapp=1&sender_device=pc,7545157060754359056,1756743783,2025-09-01T16:23:03.000Z,"Tapi emang saat ini harus skeptis dari seluruh informasi yang ada, mau dari influencer manapun itu, karena sekarang mereka mainnya dengan ngontrol persepsi masyarakat. Kayak tiba"" ada yang ngomong ""siapapun yang ngadain demo pada 1 September itu bukan dari golongan masyarakat, melainkan provokator"", kan bisa aja dari kalimat itu, hampir sama dampaknya dengan campaign Indonesia damai 150jt kan? karna pada akhirnya orang takut buat demo, biar ga dikira provokator... Tapi balik lagi dengan pembahasan gua diawal, yaitu selalu skeptis dengan semua informasi, mau darimana pun itu datangnya..",23,False,False,,0.0,7472303747373892625,smlynibs,https://p16-common-sign.tiktokcdn-us.com/tos-alisg-avt-0068/f7ca7329e2cfac0765d5cd06b2ad4541~tplv-tiktokx-cropcenter:100:100.jpg?dr=9640&refresh_token=a6b5a75e&x-expires=1764756000&x-signature=OATuSS7x7IGpQ6dXRnXMhMAQ%2Baw%3D&t=4d5b0474&ps=13740610&shp=30310797&shcp=ff37627b&idc=useast8,[],[]
https://www.tiktok.com/@winnews_/video/7545130801701113106,https://www.tiktok.com/@winnews_/video/7545130801701113106?is_from_webapp=1&sender_device=pc,https://www.tiktok.com/@winnews_/video/7545130801701113106?is_from_webapp=1&sender_device=pc,7545159228950151944,1756744288,2025-09-01T16:31:28.000Z,Pada sadar gak sih kok komen judol pada ilang? Atau jangan2 berubah jadi buzzer pemerintah? 😂,3035,False,False,,34.0,7455816358942966800,ilhammmm328,https://p16-common-sign.tiktokcdn-us.com/tos-alisg-avt-0068/24a0a7116e2441187784f879e9a03b33~tplv-tiktokx-cropcenter:100:100.jpg?dr=9640&refresh_token=bb64428d&x-expires=1764756000&x-signature=%2FLZUtpSPKFuSIWNBKln2mmCqQuE%3D&t=4d5b0474&ps=13740610&shp=30310797&shcp=ff37627b&idc=useast8,[],[]
https://www.tiktok.com/@winnews_/video/7545130801701113106,https://www.tiktok.com/@winnews_/video/7545130801701113106?is_from_webapp=1&sender_device=pc,https://www.tiktok.com/@winnews_/video/7545130801701113106?is_from_webapp=1&sender_device=pc,7545137144110088978,1756739143,2025-09-01T15:05:43.000Z,inii sebenarnya negaraa apaan sii,5161,False,False,,6.0,7037415115139351578,sanz.ee,https://p16-common-sign.tiktokcdn-us.com/tos-alisg-avt-0068/e21ad7231016cff34be0fe4517b3ea76~tplv-tiktokx-cropcenter:100:100.jpg?dr=9640&refresh_token=07ef245b&x-expires=1764756000&x-signature=WRm8eVSLO98O6DEuEDJrPO6EBko%3D&t=4d5b0474&ps=13740610&shp=30310797&shcp=ff37627b&idc=useast8,[],[]
https://www.tiktok.com/@winnews_/video/7545130801701113106,https://www.tiktok.com/@winnews_/video/7545130801701113106?is_from_webapp=1&sender_device=pc,https://www.tiktok.com/@winnews_/video/7545130801701113106?is_from_webapp=1&sender_device=pc,7545227409367368455,1756760172,2025-09-01T20:56:12.000Z,"1. 17+8
2. boleh demo tpi, lebih baik di lakukan di bawah jam 9/11 malam harus bubar. mau nunggu apa? DPR? pemerintah? udh tidur nyenyak di rumah
3. transparansi
4. bersyuara walau hanya di social media",21,False,False,,0.0,7376310116473259013,joqtker,https://p16-common-sign.tiktokcdn-us.com/tos-maliva-avt-0068/5f3442949f366df820958e43e8bed924~tplv-tiktokx-cropcenter:100:100.jpg?dr=9640&refresh_token=83eacda3&x-expires=1764756000&x-signature=eEHbg1qDl%2Bgfx6GQpTNXui4mIXI%3D&t=4d5b0474&ps=13740610&shp=30310797&shcp=ff37627b&idc=useast8,[],[]
https://www.tiktok.com/@winnews_/video/7545130801701113106,https://www.tiktok.com/@winnews_/video/7545130801701113106?is_from_webapp=1&sender_device=pc,https://www.tiktok.com/@winnews_/video/7545130801701113106?is_from_webapp=1&sender_device=pc,7545174377718694674,1756747815,2025-09-01T17:30:15.000Z,"Kita tu lagi di pecah belah gess, untuk 1 september ini udah kerennn semuanya ga kepancing 😍🫶🏻 ttp pantau & ttp kompak jangan ke provo!",11,False,False,,0.0,6917908316631303170,devaesyaa01_,https://p16-common-sign.tiktokcdn-us.com/tos-alisg-avt-0068/42d789042d1892c1c538d4a910b1486b~tplv-tiktokx-cropcenter:100:100.jpg?dr=9640&refresh_token=18e062e9&x-expires=1764756000&x-signature=dm5S%2B0sRtqRCoFyXhlmNTpjeFm0%3D&t=4d5b0474&ps=13740610&shp=30310797&shcp=ff37627b&idc=useast8,[],[]
https://www.tiktok.com/@winnews_/video/7545130801701113106,https://www.tiktok.com/@winnews_/video/7545130801701113106?is_from_webapp=1&sender_device=pc,https://www.tiktok.com/@winnews_/video/7545130801701113106?is_from_webapp=1&sender_device=pc,7545174362799637256,1756747812,2025-09-01T17:30:12.000Z,"INI BUKAN BENTUK MAU MEMBUBARKAN DPR, TAPI MENEKAN KINERJA YANG LEBIH ADIL SEADIL"" NYA, JADI STOP BILNG DPR DIBUBARKAN, CUKUP DUKUNG SAJA ASPIRASI 17+8 TUNTUTAN RAKYAT🔥🔥",22,False,False,,0.0,6731538137606489089,mas.frd,https://p16-common-sign.tiktokcdn-us.com/tos-alisg-avt-0068/42eae7f306958ea1a24348ac917906c1~tplv-tiktokx-cropcenter:100:100.jpg?dr=9640&refresh_token=5ada0622&x-expires=1764756000&x-signature=bfHiNPdC1boJjPYYO2U%2BZXvPOHg%3D&t=4d5b0474&ps=13740610&shp=30310797&shcp=ff37627b&idc=useast8,[],[]
https://www.tiktok.com/@winnews_/video/7545130801701113106,https://www.tiktok.com/@winnews_/video/7545130801701113106?is_from_webapp=1&sender_device=pc,https://www.tiktok.com/@winnews_/video/7545130801701113106?is_from_webapp=1&sender_device=pc,7545133799613989640,1756738365,2025-09-01T14:52:45.000Z,"Tapi emang kaya nya ada yang ngomporin, mulai ada yang menyusup diantara orang demo ketika jam 6 keatas",445,False,False,,13.0,7031130191670526981,vexaaaagonnnn,https://p16-common-sign.tiktokcdn-us.com/tos-alisg-avt-0068/81632f60e78e752a1669ae395fb095d4~tplv-tiktokx-cropcenter:100:100.jpg?dr=9640&refresh_token=c69c1906&x-expires=1764756000&x-signature=R2r%2BJOTzHuAXeyNkNof%2Btg4hrNc%3D&t=4d5b0474&ps=13740610&shp=30310797&shcp=ff37627b&idc=useast8,[],[]
https://www.tiktok.com/@winnews_/video/7545130801701113106,https://www.tiktok.com/@winnews_/video/7545130801701113106?is_from_webapp=1&sender_device=pc,https://www.tiktok.com/@winnews_/video/7545130801701113106?is_from_webapp=1&sender_device=pc,7545138752382092053,1756739518,2025-09-01T15:11:58.000Z,"wait, bener juga",85,False,False,,0.0,7274634890364584965,piggymenggokil,https://p16-common-sign.tiktokcdn-us.com/tos-alisg-avt-0068/d99988ccb965b14ba27f166c27fad9f3~tplv-tiktokx-cropcenter:100:100.jpg?dr=9640&refresh_token=a29d8149&x-expires=1764756000&x-signature=yBT4sLWQHlxEm%2FmIe5r1JqujFWA%3D&t=4d5b0474&ps=13740610&shp=30310797&shcp=ff37627b&idc=useast8,[],[]
https://www.tiktok.com/@winnews_/video/7545130801701113106,https://www.tiktok.com/@winnews_/video/7545130801701113106?is_from_webapp=1&sender_device=pc,https://www.tiktok.com/@winnews_/video/7545130801701113106?is_from_webapp=1&sender_device=pc,7545182942768644885,1756749811,2025-09-01T18:03:31.000Z,"itu yg nuduh malah buzzernya bg, taktik boomer udh ketebak kok santuy aja",339,False,False,,7.0,6552455601740316674,.mrshmllw,https://p16-common-sign.tiktokcdn-us.com/tos-alisg-avt-0068/87cb44058bebd1ca9eaf6b92a2d574c4~tplv-tiktokx-cropcenter:100:100.jpg?dr=9640&refresh_token=de0c56a7&x-expires=1764756000&x-signature=3YwwAUJvwoMKNS1i%2FOQZ%2F%2F%2FCNgE%3D&t=4d5b0474&ps=13740610&shp=30310797&shcp=ff37627b&idc=useast8,[],[]
https://www.tiktok.com/@winnews_/video/7545130801701113106,https://www.tiktok.com/@winnews_/video/7545130801701113106?is_from_webapp=1&sender_device=pc,https://www.tiktok.com/@winnews_/video/7545130801701113106?is_from_webapp=1&sender_device=pc,7545348268101993224,1756788306,2025-09-02T04:45:06.000Z,"sekarang semua orang di curigai
yang bilang harus demo di curiga
yang bilang jangan demo juga di curigai😭",26,False,False,,2.0,6994635505619813378,lyxnzy_01,https://p16-common-sign.tiktokcdn-us.com/tos-alisg-avt-0068/1b9727141e42cef4e7caedd96a6f33c9~tplv-tiktokx-cropcenter:100:100.jpg?dr=9640&refresh_token=9844893f&x-expires=1764756000&x-signature=QlAQyFn8hrYjlGVFE%2FOgQx6GW6k%3D&t=4d5b0474&ps=13740610&shp=30310797&shcp=ff37627b&idc=useast8,[],[]
https://www.tiktok.com/@winnews_/video/7545130801701113106,https://www.tiktok.com/@winnews_/video/7545130801701113106?is_from_webapp=1&sender_device=pc,https://www.tiktok.com/@winnews_/video/7545130801701113106?is_from_webapp=1&sender_device=pc,7545145731746267911,1756741145,2025-09-01T15:39:05.000Z,jangan nyerah sampe dpr bubar,632,False,False,,112.0,7181815548505588738,rhafatcas_www.com,https://p16-common-sign.tiktokcdn-us.com/tos-alisg-avt-0068/9cf26c3354d304b2690fb181b8fd9c6a~tplv-tiktokx-cropcenter:100:100.jpg?dr=9640&refresh_token=8a341711&x-expires=1764756000&x-signature=oaN1t8uohLFonOyKzW77PtWGT7I%3D&t=4d5b0474&ps=13740610&shp=30310797&shcp=ff37627b&idc=useast8,[],[]
https://www.tiktok.com/@winnews_/video/7545130801701113106,https://www.tiktok.com/@winnews_/video/7545130801701113106?is_from_webapp=1&sender_device=pc,https://www.tiktok.com/@winnews_/video/7545130801701113106?is_from_webapp=1&sender_device=pc,7545147466514416391,1756741548,2025-09-01T15:45:48.000Z,"iyaa, disituasi kayak gini penting bgt buat berpikir kritis, jujur aja semenjak tawaran 150 jt itu di spill, tiap ada orang yang mengedukasi demo yang benar langsung dituduh buzzer dibayar 150 jt. Dan, apakah yang nawarin itu beneran dari pihak pemerintah atau dpr kah? atau justru pihak ke sekian?",215,False,False,,10.0,7286781695939167238,_jariku,https://p16-common-sign.tiktokcdn-us.com/tos-alisg-avt-0068/17766e3f08fee79ca5916a03b1f92d75~tplv-tiktokx-cropcenter:100:100.jpg?dr=9640&refresh_token=0dfa6339&x-expires=1764756000&x-signature=B1sYJwbAT1mPDNpl36BNFLWmtsg%3D&t=4d5b0474&ps=13740610&shp=30310797&shcp=ff37627b&idc=useast8,[],[]
https://www.tiktok.com/@winnews_/video/7545130801701113106,https://www.tiktok.com/@winnews_/video/7545130801701113106?is_from_webapp=1&sender_device=pc,https://www.tiktok.com/@winnews_/video/7545130801701113106?is_from_webapp=1&sender_device=pc,7545191153508942612,1756751725,2025-09-01T18:35:25.000Z,malam ini Unpas diserang isilop cokk,928,False,False,,23.0,7376611415569204230,andprsd,https://p16-common-sign.tiktokcdn-us.com/tos-alisg-avt-0068/e613adbd998e8fc60dcd4d2dc9ccd890~tplv-tiktokx-cropcenter:100:100.jpg?dr=9640&refresh_token=0e510650&x-expires=1764756000&x-signature=9f5lJV0TYa6xJqwDPV47EWhenDo%3D&t=4d5b0474&ps=13740610&shp=30310797&shcp=ff37627b&idc=useast8,[],[]
https://www.tiktok.com/@winnews_/video/7545130801701113106,https://www.tiktok.com/@winnews_/video/7545130801701113106?is_from_webapp=1&sender_device=pc,https://www.tiktok.com/@winnews_/video/7545130801701113106?is_from_webapp=1&sender_device=pc,7545481918110155540,1756819422,2025-09-02T13:23:42.000Z,"jerome polien, ayo spill bukti chat yg nunjukin nomornya😁 jangan bukti chat sama nomor yg terpisah😁",43,False,False,,7.0,7526592847270544401,bram5846,https://p16-common-sign.tiktokcdn-us.com/tos-alisg-avt-0068/5ddf5601774aa4a0badfa6bb0c5bdeb9~tplv-tiktokx-cropcenter:100:100.jpg?dr=9640&refresh_token=cfa4a9ad&x-expires=1764756000&x-signature=TRjWJ5JC%2FcAgCXhncqH3POEb3qU%3D&t=4d5b0474&ps=13740610&shp=30310797&shcp=ff37627b&idc=useast8,[],[]
https://www.tiktok.com/@winnews_/video/7545130801701113106,https://www.tiktok.com/@winnews_/video/7545130801701113106?is_from_webapp=1&sender_device=pc,https://www.tiktok.com/@winnews_/video/7545130801701113106?is_from_webapp=1&sender_device=pc,7545250905227739912,1756765649,2025-09-01T22:27:29.000Z,Intinya jagn percaya dengan influencer dan artis manapun,92,False,False,,9.0,6707260648122024962,imfrzzz_,https://p16-common-sign.tiktokcdn-us.com/tos-alisg-avt-0068/a9d00372c6f6bcdfac40861f97759e06~tplv-tiktokx-cropcenter:100:100.jpg?dr=9640&refresh_token=1709cf25&x-expires=1764756000&x-signature=8Y26%2F6r8RbENuxqBPOvfnlkxQ%2Fc%3D&t=4d5b0474&ps=13740610&shp=30310797&shcp=ff37627b&idc=useast8,[],[]
https://www.tiktok.com/@winnews_/video/7545130801701113106,https://www.tiktok.com/@winnews_/video/7545130801701113106?is_from_webapp=1&sender_device=pc,https://www.tiktok.com/@winnews_/video/7545130801701113106?is_from_webapp=1&sender_device=pc,7545305711925232392,1756778393,2025-09-02T01:59:53.000Z,"kita dipermainkan anjir 🥺🥺🥺, gua juga mikirnya gitu",9,False,False,,0.0,6959489148256732162,vdksksv517,https://p16-common-sign.tiktokcdn-us.com/tos-alisg-avt-0068/0b4e3cfd9c1d5e10c9b52d2e0d5804e0~tplv-tiktokx-cropcenter:100:100.jpg?dr=9640&refresh_token=7650d098&x-expires=1764756000&x-signature=DhHSBtfV0GAEfAOAQZRoBkIl1FY%3D&t=4d5b0474&ps=13740610&shp=30310797&shcp=ff37627b&idc=useast8,[],[]
https://www.tiktok.com/@winnews_/video/7545130801701113106,https://www.tiktok.com/@winnews_/video/7545130801701113106?is_from_webapp=1&sender_device=pc,https://www.tiktok.com/@winnews_/video/7545130801701113106?is_from_webapp=1&sender_device=pc,7545172136969650951,1756747291,2025-09-01T17:21:31.000Z,"izin speak up tentang para buzzer yang menyerang fassum
tadi gw abis beli tahu bulat, sambil nunggu tahunya mateng, abangnya ngobrol' sama gw. Pada satu titik abangnya ngebahas demo, dia cerita kalo pernah diajak demo sama kenalan nya dipinggir jalan(yang katanya anggota ormas)pas tanggal 29-30 Agustus dengan tawaran dapet uang 200-500k tapi bersyarat. Nah, syaratnya itu harus membawa barang yang disuruh, dan dikumpulin di suatu tempat. Nahh abis itu abangnya ngomong katanya nanti ada orang lain yg ngambil barang' yg dibawa.",810,False,False,,22.0,7040629794648261634,ronbunstandly,https://p16-common-sign.tiktokcdn-us.com/tos-alisg-avt-0068/ad1fee0d5033c94d2daea6e615e13faf~tplv-tiktokx-cropcenter:100:100.jpg?dr=9640&refresh_token=7ef9c5f9&x-expires=1764756000&x-signature=2s7Bm3W5WmLbCR2dE4jn88bENpk%3D&t=4d5b0474&ps=13740610&shp=30310797&shcp=ff37627b&idc=useast8,[],[]
https://www.tiktok.com/@winnews_/video/7545130801701113106,https://www.tiktok.com/@winnews_/video/7545130801701113106?is_from_webapp=1&sender_device=pc,https://www.tiktok.com/@winnews_/video/7545130801701113106?is_from_webapp=1&sender_device=pc,7545226473113715464,1756759951,2025-09-01T20:52:31.000Z,Emg yg chat jerome nawarin 150jt udah valid dari pemerintah . Logika aja sih masa pemerintah seterang2an itu ngeguide seorang influencer segede jerome yg otak dan pemikirannya very2 kritis. Kalau menurut aku ni yaaa ada beberapa oknum yg sengaja jadi dalang dari ini semua dan pasti dia udah atur dan tau kalau ajakan itu bakal di share sama influencer,73,False,False,,1.0,7176523715348300802,airinruby0,https://p16-common-sign.tiktokcdn-us.com/tos-alisg-avt-0068/433cb5dff059b4d49f3bbf4aaaf36621~tplv-tiktokx-cropcenter:100:100.jpg?dr=9640&refresh_token=1fd853ab&x-expires=1764756000&x-signature=ODMJkB1P4HAQ20u9nv4T%2BoOpGL8%3D&t=4d5b0474&ps=13740610&shp=30310797&shcp=ff37627b&idc=useast8,[],[]
https://www.tiktok.com/@winnews_/video/7545130801701113106,https://www.tiktok.com/@winnews_/video/7545130801701113106?is_from_webapp=1&sender_device=pc,https://www.tiktok.com/@winnews_/video/7545130801701113106?is_from_webapp=1&sender_device=pc,7545217096549630738,1756757768,2025-09-01T20:16:08.000Z,millenial sama gen z sekarang udah pinter apalgi sekaramg pada melek teknologi dan pada sibuk double check informasi yang ditangkep ya walaupun yang kegocek masih ada at least lebih banyak yang open minded,19,False,False,,1.0,6880864705469629441,goodvibezxzy,https://p16-common-sign.tiktokcdn-us.com/tos-alisg-avt-0068/a641b31cadbc49c35884268c5f1c1c4a~tplv-tiktokx-cropcenter:100:100.jpg?dr=9640&refresh_token=4dd1e6be&x-expires=1764756000&x-signature=cPH2znSxhnTLf5jsMI92tGvb4rw%3D&t=4d5b0474&ps=13740610&shp=30310797&shcp=ff37627b&idc=useast8,[],[]
https://www.tiktok.com/@winnews_/video/7545130801701113106,https://www.tiktok.com/@winnews_/video/7545130801701113106?is_from_webapp=1&sender_device=pc,https://www.tiktok.com/@winnews_/video/7545130801701113106?is_from_webapp=1&sender_device=pc,7545140544252461842,1756739938,2025-09-01T15:18:58.000Z,"Izin melaporkan teman-teman. Demo hari ini di Kalsel berjalan dengan kondusif dan ketua DPRD KALSEL Bapak Supian HK dan jajaran. beliau mau mendengarkan aspirasi masyarakat, bersedia tanda tangan dan mengantarkan isi tuntutan langsung ke DPR RI.
Secara resmi DPRD Kalsel telah menanda tangani dan mengantarkan isi tuntutan langsung ke DPR RI.",70,False,False,,0.0,6955627045268800514,who.is.shi0,https://p16-common-sign.tiktokcdn-us.com/tos-maliva-avt-0068/816cca6f3bd68a0a8fdeaa5c21c309fd~tplv-tiktokx-cropcenter:100:100.jpg?dr=9640&refresh_token=9140e67a&x-expires=1764756000&x-signature=FZOVKx1bX18NNhgF8YtVQe8Eunk%3D&t=4d5b0474&ps=13740610&shp=30310797&shcp=ff37627b&idc=useast8,[],[]
https://www.tiktok.com/@winnews_/video/7545130801701113106,https://www.tiktok.com/@winnews_/video/7545130801701113106?is_from_webapp=1&sender_device=pc,https://www.tiktok.com/@winnews_/video/7545130801701113106?is_from_webapp=1&sender_device=pc,7545150116560208641,1756742165,2025-09-01T15:56:05.000Z,"nih dengerin orang² yg sibuk nyalah²in yang demo. makanya jangan mau apa² disuapin terus, pantesan mudah banget disetir",30,False,False,,0.0,7092414212039132165,_minee_0k,https://p16-common-sign.tiktokcdn-us.com/tos-alisg-avt-0068/5dfd115ec4a69966c7ae0d1c4f7b8339~tplv-tiktokx-cropcenter:100:100.jpg?dr=9640&refresh_token=c41685c4&x-expires=1764756000&x-signature=o40VA7mt8kNgkjFFz5WWVa6hQVQ%3D&t=4d5b0474&ps=13740610&shp=30310797&shcp=ff37627b&idc=useast8,[],[]
https://www.tiktok.com/@winnews_/video/7545130801701113106,https://www.tiktok.com/@winnews_/video/7545130801701113106?is_from_webapp=1&sender_device=pc,https://www.tiktok.com/@winnews_/video/7545130801701113106?is_from_webapp=1&sender_device=pc,7545253258631578386,1756766618,2025-09-01T22:43:38.000Z,lu liat demo di Banjarmasin bg dpr-nya minta maaf jir,7,False,False,,0.0,7428259409509532677,taichobudechuka,https://p16-common-sign.tiktokcdn-us.com/tos-alisg-avt-0068/59f5a68372cfe0b7c6ff389be77f33f7~tplv-tiktokx-cropcenter:100:100.jpg?dr=9640&refresh_token=30e906ed&x-expires=1764756000&x-signature=Hm0TBf5RZd%2FByQrtwyyxGVIGn10%3D&t=4d5b0474&ps=13740610&shp=30310797&shcp=ff37627b&idc=useast8,[],[]
https://www.tiktok.com/@winnews_/video/7545130801701113106,https://www.tiktok.com/@winnews_/video/7545130801701113106?is_from_webapp=1&sender_device=pc,https://www.tiktok.com/@winnews_/video/7545130801701113106?is_from_webapp=1&sender_device=pc,7545259885987021584,1756767733,2025-09-01T23:02:13.000Z,Tapi gue bangga sama mayoritas kita yang udah pinter memilah informasi 🔥,13,False,False,,0.0,6811158281526182913,senimemahamigemini,https://p16-common-sign.tiktokcdn-us.com/tos-alisg-avt-0068/33a1f397aeff1d0caf76453cb333ca40~tplv-tiktokx-cropcenter:100:100.jpg?dr=9640&refresh_token=45b1a628&x-expires=1764756000&x-signature=8wPyOdQKWu3M%2FkwNfIe34YPvAeA%3D&t=4d5b0474&ps=13740610&shp=30310797&shcp=ff37627b&idc=useast8,[],[]
https://www.tiktok.com/@winnews_/video/7545130801701113106,https://www.tiktok.com/@winnews_/video/7545130801701113106?is_from_webapp=1&sender_device=pc,https://www.tiktok.com/@winnews_/video/7545130801701113106?is_from_webapp=1&sender_device=pc,7545147721918841621,1756741608,2025-09-01T15:46:48.000Z,semua mencurigakan nanti gak mencurigakan pas udh disurga,67,False,False,,2.0,6997986648845222938,brinaasyah,https://p19-common-sign.tiktokcdn-us.com/tos-alisg-avt-0068/7bbeb4818c0b022980c9a46be7124262~tplv-tiktokx-cropcenter:100:100.jpg?dr=9640&refresh_token=89a9a1f5&x-expires=1764756000&x-signature=40YzQoIGw5W7V16DuBvNTaaFYos%3D&t=4d5b0474&ps=13740610&shp=30310797&shcp=ff37627b&idc=useast8,[],[]
https://www.tiktok.com/@winnews_/video/7545130801701113106,https://www.tiktok.com/@winnews_/video/7545130801701113106?is_from_webapp=1&sender_device=pc,https://www.tiktok.com/@winnews_/video/7545130801701113106?is_from_webapp=1&sender_device=pc,7545879970758411028,1756912217,2025-09-03T15:10:17.000Z,Kita butuh L,0,False,False,,0.0,7241072351982011397,ariiqmllana,https://p16-sign-sg.tiktokcdn.com/tos-alisg-avt-0068/670652d52744caf65248144187545e2d~tplv-tiktokx-cropcenter:100:100.jpg?dr=14579&refresh_token=ccb1c9ad&x-expires=1764756000&x-signature=3gW%2FYG4AmMLoV8SX%2BifxvyCXDzY%3D&t=4d5b0474&ps=13740610&shp=30310797&shcp=ff37627b&idc=maliva,[],[]
https://www.tiktok.com/@winnews_/video/7545130801701113106,https://www.tiktok.com/@winnews_/video/7545130801701113106?is_from_webapp=1&sender_device=pc,https://www.tiktok.com/@winnews_/video/7545130801701113106?is_from_webapp=1&sender_device=pc,7545340486845973255,1756786491,2025-09-02T04:14:51.000Z,Jerome anak abah weey 🤧🥱,21,False,False,,39.0,6780196548267131905,storiyesaya99,https://p16-sign-sg.tiktokcdn.com/tos-alisg-avt-0068/42e01d00d83828990453ac6566b743ad~tplv-tiktokx-cropcenter:100:100.jpg?dr=14579&refresh_token=82f7cab8&x-expires=1764756000&x-signature=JJ%2BPPxETJvIxLw1XAvf83VBPcPo%3D&t=4d5b0474&ps=13740610&shp=30310797&shcp=ff37627b&idc=maliva,[],[]
https://www.tiktok.com/@winnews_/video/7545130801701113106,https://www.tiktok.com/@winnews_/video/7545130801701113106?is_from_webapp=1&sender_device=pc,https://www.tiktok.com/@winnews_/video/7545130801701113106?is_from_webapp=1&sender_device=pc,7545161717506163474,1756744869,2025-09-01T16:41:09.000Z,Jerome polin emang gitu dari dulu,145,False,False,,17.0,7458975149472859152,the.blocky.store,https://p16-sign-sg.tiktokcdn.com/tos-alisg-avt-0068/640f70cc9e7e6d6939c1b1a2b2454fc6~tplv-tiktokx-cropcenter:100:100.jpg?dr=14579&refresh_token=acd776a1&x-expires=1764756000&x-signature=DY0DQ4WXTOQh%2Bz%2FWVCkjcNFDX4M%3D&t=4d5b0474&ps=13740610&shp=30310797&shcp=ff37627b&idc=maliva,[],[]
https://www.tiktok.com/@winnews_/video/7545130801701113106,https://www.tiktok.com/@winnews_/video/7545130801701113106?is_from_webapp=1&sender_device=pc,https://www.tiktok.com/@winnews_/video/7545130801701113106?is_from_webapp=1&sender_device=pc,7545141722318897936,1756740214,2025-09-01T15:23:34.000Z,siapa dalang dibalik semua ini?,147,False,False,,21.0,7047477695995167745,azafami,https://p16-sign-sg.tiktokcdn.com/tos-alisg-avt-0068/905213e3cc405b099712349084ebad5d~tplv-tiktokx-cropcenter:100:100.jpg?dr=14579&refresh_token=25266705&x-expires=1764756000&x-signature=Zw6DLuiEXX4%2FS8Exib5%2FB%2FyrXiA%3D&t=4d5b0474&ps=13740610&shp=30310797&shcp=ff37627b&idc=maliva,[],[]
https://www.tiktok.com/@winnews_/video/7545130801701113106,https://www.tiktok.com/@winnews_/video/7545130801701113106?is_from_webapp=1&sender_device=pc,https://www.tiktok.com/@winnews_/video/7545130801701113106?is_from_webapp=1&sender_device=pc,7545165841999430401,1756745827,2025-09-01T16:57:07.000Z,fyp anime ku hilang semua rekk,69,False,False,,13.0,6958431429773902849,raeedaijobou,https://p16-sign-sg.tiktokcdn.com/tos-alisg-avt-0068/c9165c87b142da87af8bfca98d497486~tplv-tiktokx-cropcenter:100:100.jpg?dr=14579&refresh_token=87c349ff&x-expires=1764756000&x-signature=G3RRj0O9GlhYjZrjkEKfkQFy3VQ%3D&t=4d5b0474&ps=13740610&shp=30310797&shcp=ff37627b&idc=maliva,[],[]
https://www.tiktok.com/@winnews_/video/7545130801701113106,https://www.tiktok.com/@winnews_/video/7545130801701113106?is_from_webapp=1&sender_device=pc,https://www.tiktok.com/@winnews_/video/7545130801701113106?is_from_webapp=1&sender_device=pc,7545651363188867848,1756858886,2025-09-03T00:21:26.000Z,100 % Gue setuju pendapat elo.,0,False,False,,0.0,7249656739015033862,ibu.pejabat85,https://p16-sign-sg.tiktokcdn.com/tos-alisg-avt-0068/216dd1340be66428d75871601b88830c~tplv-tiktokx-cropcenter:100:100.jpg?dr=14579&refresh_token=293c86b3&x-expires=1764756000&x-signature=AnhivejcP0uR3VFPDNRbJfw%2B1FE%3D&t=4d5b0474&ps=13740610&shp=30310797&shcp=ff37627b&idc=maliva,[],[]
https://www.tiktok.com/@winnews_/video/7545130801701113106,https://www.tiktok.com/@winnews_/video/7545130801701113106?is_from_webapp=1&sender_device=pc,https://www.tiktok.com/@winnews_/video/7545130801701113106?is_from_webapp=1&sender_device=pc,7545199805602726663,1756753741,2025-09-01T19:09:01.000Z,cair bang ?,4,False,False,,5.0,7260446098795545606,d.yas18,https://p16-sign-sg.tiktokcdn.com/tos-alisg-avt-0068/12d14a863ef51a5a11b3424f95697c6a~tplv-tiktokx-cropcenter:100:100.jpg?dr=14579&refresh_token=ab9bbe13&x-expires=1764756000&x-signature=Lh4cPgjoK%2FEgd1ZpEMZ%2FCo51YwI%3D&t=4d5b0474&ps=13740610&shp=30310797&shcp=ff37627b&idc=maliva,[],[]
https://www.tiktok.com/@winnews_/video/7545130801701113106,https://www.tiktok.com/@winnews_/video/7545130801701113106?is_from_webapp=1&sender_device=pc,https://www.tiktok.com/@winnews_/video/7545130801701113106?is_from_webapp=1&sender_device=pc,7545242259534250753,1756763639,2025-09-01T21:53:59.000Z,buzzet lol,22,False,False,7545199805602726663,,7061949956891296769,wildan_ygy,https://p16-sign-sg.tiktokcdn.com/tos-alisg-avt-0068/9b3ab6c3e917e88f97d17b3fd2c81ed3~tplv-tiktokx-cropcenter:100:100.jpg?dr=14579&refresh_token=de24e8ea&x-expires=1764756000&x-signature=vUUYJYJS6gC1J1zk5hOp5nv1H4o%3D&t=4d5b0474&ps=13740610&shp=30310797&shcp=ff37627b&idc=maliva,[],[]
https://www.tiktok.com/@winnews_/video/7545130801701113106,https://www.tiktok.com/@winnews_/video/7545130801701113106?is_from_webapp=1&sender_device=pc,https://www.tiktok.com/@winnews_/video/7545130801701113106?is_from_webapp=1&sender_device=pc,7545172905253716743,1756747473,2025-09-01T17:24:33.000Z,BOOST!! nasgor atau ayam geprek?,8,False,False,,6.0,7364446543423144966,clouceress,https://p16-sign-sg.tiktokcdn.com/tos-alisg-avt-0068/88bac9ab3240275ddc96a85113c921b8~tplv-tiktokx-cropcenter:100:100.jpg?dr=14579&refresh_token=4a58e4c4&x-expires=1764756000&x-signature=V6FtztfuK5Yro6Ev7UaYJHQkg%2Fg%3D&t=4d5b0474&ps=13740610&shp=30310797&shcp=ff37627b&idc=maliva,[],[]
https://www.tiktok.com/@winnews_/video/7545130801701113106,https://www.tiktok.com/@winnews_/video/7545130801701113106?is_from_webapp=1&sender_device=pc,https://www.tiktok.com/@winnews_/video/7545130801701113106?is_from_webapp=1&sender_device=pc,7545195558626673424,1756752752,2025-09-01T18:52:32.000Z,ka tolonggg ini kampus unpas dan unisba diserang polisi sampe area kampus,39,False,False,,5.0,6796655669883044866,seo.helma,https://p16-sign-sg.tiktokcdn.com/tos-alisg-avt-0068/1753c118d4688280ea7d3f0acb98a35f~tplv-tiktokx-cropcenter:100:100.jpg?dr=14579&refresh_token=85c165c6&x-expires=1764756000&x-signature=kBR0HGp5jWO7%2FiEppQA4vfoI36A%3D&t=4d5b0474&ps=13740610&shp=30310797&shcp=ff37627b&idc=maliva,[],[]
https://www.tiktok.com/@winnews_/video/7545130801701113106,https://www.tiktok.com/@winnews_/video/7545130801701113106?is_from_webapp=1&sender_device=pc,https://www.tiktok.com/@winnews_/video/7545130801701113106?is_from_webapp=1&sender_device=pc,7545274445507855122,1756771127,2025-09-01T23:58:47.000Z,akal akalan barat,1,False,False,,3.0,6540791566189330434,renslowsky,https://p16-sign-sg.tiktokcdn.com/tos-alisg-avt-0068/14ab119faff0a5e07451d6577dfaa65e~tplv-tiktokx-cropcenter:100:100.jpg?dr=14579&refresh_token=60e5abc6&x-expires=1764756000&x-signature=h9e06G3nz%2FxXPwuE4DRrBzLLguo%3D&t=4d5b0474&ps=13740610&shp=30310797&shcp=ff37627b&idc=maliva,[],[]
https://www.tiktok.com/@winnews_/video/7545130801701113106,https://www.tiktok.com/@winnews_/video/7545130801701113106?is_from_webapp=1&sender_device=pc,https://www.tiktok.com/@winnews_/video/7545130801701113106?is_from_webapp=1&sender_device=pc,7545275076930863890,1756771274,2025-09-02T00:01:14.000Z,"iye bang.
kalo gag amrik ya china .
🗿
namanya jg negara kaya sumber daya alam",2,False,False,7545274445507855122,,6958169228860507142,abdul_aziz1906,https://p16-sign-sg.tiktokcdn.com/tos-alisg-avt-0068/c77ff70a69fa9a00078072f7f7fac7c2~tplv-tiktokx-cropcenter:100:100.jpg?dr=14579&refresh_token=078c63b0&x-expires=1764756000&x-signature=OdvqU42%2F5uaxRo%2FV2wxVlciBt0k%3D&t=4d5b0474&ps=13740610&shp=30310797&shcp=ff37627b&idc=maliva,[],[]
https://www.tiktok.com/@winnews_/video/7545130801701113106,https://www.tiktok.com/@winnews_/video/7545130801701113106?is_from_webapp=1&sender_device=pc,https://www.tiktok.com/@winnews_/video/7545130801701113106?is_from_webapp=1&sender_device=pc,7545143550881088274,1756740637,2025-09-01T15:30:37.000Z,di balikpapan baru mulai,1,False,False,,3.0,7043802330228360193,dn23_8.3,https://p16-sign-sg.tiktokcdn.com/tos-alisg-avt-0068/4cbd1ec318f75f7239f9162196a4da81~tplv-tiktokx-cropcenter:100:100.jpg?dr=14579&refresh_token=2b7250eb&x-expires=1764756000&x-signature=3jDOrluURs99xmVI%2FS7jeSu8nJE%3D&t=4d5b0474&ps=13740610&shp=30310797&shcp=ff37627b&idc=maliva,[],[]
https://www.tiktok.com/@winnews_/video/7545130801701113106,https://www.tiktok.com/@winnews_/video/7545130801701113106?is_from_webapp=1&sender_device=pc,https://www.tiktok.com/@winnews_/video/7545130801701113106?is_from_webapp=1&sender_device=pc,7545350001649828624,1756788710,2025-09-02T04:51:50.000Z,di bayar berapa bang,1,False,False,,2.0,7419102312042873862,sikocak837,https://p16-sign-sg.tiktokcdn.com/tos-alisg-avt-0068/d77e9b29e6801f74c8937f4018969181~tplv-tiktokx-cropcenter:100:100.jpg?dr=14579&refresh_token=bfa603e2&x-expires=1764756000&x-signature=dyfc%2BCU%2BU%2Fmqw1qGoWRnLxvrYSI%3D&t=4d5b0474&ps=13740610&shp=30310797&shcp=ff37627b&idc=maliva,[],[]
https://www.tiktok.com/@winnews_/video/7545130801701113106,https://www.tiktok.com/@winnews_/video/7545130801701113106?is_from_webapp=1&sender_device=pc,https://www.tiktok.com/@winnews_/video/7545130801701113106?is_from_webapp=1&sender_device=pc,7545178033176740624,1756748821,2025-09-01T17:47:01.000Z,"temen gue yang nilai Opini publik nya bagus, pas gue tanya pandangan dia sama banget kaya postingan ini, aku pun diajarin sama dia :)",14,False,False,,5.0,25642755,ichieeu,https://p16-common-sign.tiktokcdn-us.com/tos-maliva-avt-0068/b4d616df0a97eceb7dd80e2a78b351ef~tplv-tiktokx-cropcenter:100:100.jpg?dr=9640&refresh_token=478266b5&x-expires=1764756000&x-signature=0rc4qk5JWJVFaG02q6n9SUcfwBY%3D&t=4d5b0474&ps=13740610&shp=30310797&shcp=ff37627b&idc=useast5,[],[]
https://www.tiktok.com/@winnews_/video/7545130801701113106,https://www.tiktok.com/@winnews_/video/7545130801701113106?is_from_webapp=1&sender_device=pc,https://www.tiktok.com/@winnews_/video/7545130801701113106?is_from_webapp=1&sender_device=pc,7545297919156503304,1756776590,2025-09-02T01:29:50.000Z,"langsung ""hmmmm apa mungkin ini rencana mereka juga"" gw banget ini😭",3,False,,7545141158575538965,,6897751652918363137,pra_kum_mus,https://p16-common-sign.tiktokcdn-us.com/tos-alisg-avt-0068/76f9e32923b3e21fbe5cd1d0b2df3025~tplv-tiktokx-cropcenter:100:100.jpg?dr=9640&refresh_token=930c77db&x-expires=1764756000&x-signature=Pzk92kc78%2BtHsPE1QRbn55tgvno%3D&t=4d5b0474&ps=13740610&shp=30310797&shcp=ff37627b&idc=useast8,[],[]
https://www.tiktok.com/@winnews_/video/7545130801701113106,https://www.tiktok.com/@winnews_/video/7545130801701113106?is_from_webapp=1&sender_device=pc,https://www.tiktok.com/@winnews_/video/7545130801701113106?is_from_webapp=1&sender_device=pc,7545379378012996359,1756795546,2025-09-02T06:45:46.000Z,Erhh,1,False,,7545141158575538965,,6995333879725278235,tommyalkhair,https://p16-common-sign.tiktokcdn-us.com/tos-alisg-avt-0068/3addf7598e030433dc848c3f1d866a97~tplv-tiktokx-cropcenter:100:100.jpg?dr=9640&refresh_token=9e305914&x-expires=1764756000&x-signature=KQJ6WLpEPgex4%2FUo%2BCKMX0TYF98%3D&t=4d5b0474&ps=13740610&shp=30310797&shcp=ff37627b&idc=useast8,[],[]
https://www.tiktok.com/@winnews_/video/7545130801701113106,https://www.tiktok.com/@winnews_/video/7545130801701113106?is_from_webapp=1&sender_device=pc,https://www.tiktok.com/@winnews_/video/7545130801701113106?is_from_webapp=1&sender_device=pc,7545140325929796372,1756739884,2025-09-01T15:18:04.000Z,pindah negara bg 🗿,149,False,,7545137376151929608,,7348802628564386821,dyzrinx,https://p16-common-sign.tiktokcdn-us.com/tos-alisg-avt-0068/aa78ee6f3b5adc6daf6c80bf66918a97~tplv-tiktokx-cropcenter:100:100.jpg?dr=9640&refresh_token=38e58160&x-expires=1764756000&x-signature=dDsvPNdsuwOFJTM%2FgHd%2BSX0vbPY%3D&t=4d5b0474&ps=13740610&shp=30310797&shcp=ff37627b&idc=useast5,[],[]
https://www.tiktok.com/@winnews_/video/7545130801701113106,https://www.tiktok.com/@winnews_/video/7545130801701113106?is_from_webapp=1&sender_device=pc,https://www.tiktok.com/@winnews_/video/7545130801701113106?is_from_webapp=1&sender_device=pc,7545258766091338497,1756767481,2025-09-01T22:58:01.000Z,"iya lagi, udh lah IQ di bawah SDM rendah 😭",8,False,,7545137376151929608,,6977622830016152577,rarasati815,https://p19-common-sign.tiktokcdn-us.com/tos-alisg-avt-0068/fa48e072459997598ee8050d5d20541a~tplv-tiktokx-cropcenter:100:100.jpg?dr=9640&refresh_token=37f02126&x-expires=1764756000&x-signature=CoVaYSdVZr5uyYxrbOUAvqCQxkE%3D&t=4d5b0474&ps=13740610&shp=30310797&shcp=ff37627b&idc=useast5,[],[]
https://www.tiktok.com/@winnews_/video/7545130801701113106,https://www.tiktok.com/@winnews_/video/7545130801701113106?is_from_webapp=1&sender_device=pc,https://www.tiktok.com/@winnews_/video/7545130801701113106?is_from_webapp=1&sender_device=pc,7545146251127866120,1756741268,2025-09-01T15:41:08.000Z,buzzer/fomo politik nih🤔,5,False,,7545137376151929608,,7309800064858506246,betadin00,https://p16-common-sign.tiktokcdn-us.com/tos-alisg-avt-0068/7c750f23761bd1b5343f02459d4fc03b~tplv-tiktokx-cropcenter:100:100.jpg?dr=9640&refresh_token=94b0966b&x-expires=1764756000&x-signature=YbDgIA0vwvM4a4KgJ0z8p0pAg6s%3D&t=4d5b0474&ps=13740610&shp=30310797&shcp=ff37627b&idc=useast5,[],[]
https://www.tiktok.com/@winnews_/video/7545130801701113106,https://www.tiktok.com/@winnews_/video/7545130801701113106?is_from_webapp=1&sender_device=pc,https://www.tiktok.com/@winnews_/video/7545130801701113106?is_from_webapp=1&sender_device=pc,7545154863861351189,1756743269,2025-09-01T16:14:29.000Z,hahaha😄,0,False,,7545137376151929608,,6936820043560862722,ultraman_uyee,https://p16-common-sign.tiktokcdn-us.com/tos-alisg-avt-0068/fd4728b8614d4e7f1fd85183ad4299af~tplv-tiktokx-cropcenter:100:100.jpg?dr=9640&refresh_token=6f34763f&x-expires=1764756000&x-signature=wkXcQmORUxcJknfOd5VafmGb76Q%3D&t=4d5b0474&ps=13740610&shp=30310797&shcp=ff37627b&idc=useast5,[],[]
https://www.tiktok.com/@winnews_/video/7545130801701113106,https://www.tiktok.com/@winnews_/video/7545130801701113106?is_from_webapp=1&sender_device=pc,https://www.tiktok.com/@winnews_/video/7545130801701113106?is_from_webapp=1&sender_device=pc,7545233909085930258,1756761685,2025-09-01T21:21:25.000Z,"yg di demo sih masih happy, healthy, wealthy, nanti mati dibakar api sampe inti bumi",1,False,,7545137376151929608,,7242893635833840646,sugarymilkbun,https://p16-common-sign.tiktokcdn-us.com/tos-alisg-avt-0068/9d2503ea472bd63b198a44d9a79f5cf2~tplv-tiktokx-cropcenter:100:100.jpg?dr=9640&refresh_token=f2abeeea&x-expires=1764756000&x-signature=alPl7q8DYei%2BZVQF4pMacYNrLpE%3D&t=4d5b0474&ps=13740610&shp=30310797&shcp=ff37627b&idc=useast5,[],[]
https://www.tiktok.com/@winnews_/video/7545130801701113106,https://www.tiktok.com/@winnews_/video/7545130801701113106?is_from_webapp=1&sender_device=pc,https://www.tiktok.com/@winnews_/video/7545130801701113106?is_from_webapp=1&sender_device=pc,7545160712881013522,1756744630,2025-09-01T16:37:10.000Z,kabur ke Frankfurt 🗿,1,False,,7545137376151929608,,7073359448014324762,mhmmdsrfdn05,https://p16-common-sign.tiktokcdn-us.com/tos-alisg-avt-0068/80067ce8e1562d5140faf9057b9fde9d~tplv-tiktokx-cropcenter:100:100.jpg?dr=9640&refresh_token=2907ab4e&x-expires=1764756000&x-signature=XOwseo2U9xAI%2BaIYg4VHwTa6Dfc%3D&t=4d5b0474&ps=13740610&shp=30310797&shcp=ff37627b&idc=useast5,[],[]
https://www.tiktok.com/@winnews_/video/7545130801701113106,https://www.tiktok.com/@winnews_/video/7545130801701113106?is_from_webapp=1&sender_device=pc,https://www.tiktok.com/@winnews_/video/7545130801701113106?is_from_webapp=1&sender_device=pc,7545572094148313873,1756840427,2025-09-02T19:13:47.000Z,meninggalkan negara,0,False,,7545137376151929608,,6812519977154085889,xnadenxx_,https://p16-common-sign.tiktokcdn-us.com/tos-maliva-avt-0068/b610eee35165123a400bb04d902d3de8~tplv-tiktokx-cropcenter:100:100.jpg?dr=9640&refresh_token=0f630c95&x-expires=1764756000&x-signature=CmrpfqFXbImbWsbXleB3OceK7%2BE%3D&t=4d5b0474&ps=13740610&shp=30310797&shcp=ff37627b&idc=useast5,[],[]
https://www.tiktok.com/@winnews_/video/7545130801701113106,https://www.tiktok.com/@winnews_/video/7545130801701113106?is_from_webapp=1&sender_device=pc,https://www.tiktok.com/@winnews_/video/7545130801701113106?is_from_webapp=1&sender_device=pc,7545352788189790984,1756789359,2025-09-02T05:02:39.000Z,meninggalkan negara,0,False,,7545137376151929608,,6974224696883921922,swibuman,https://p16-common-sign.tiktokcdn-us.com/tos-alisg-avt-0068/d5ea2dfc3b91ac62f740b974af9c56f2~tplv-tiktokx-cropcenter:100:100.jpg?dr=9640&refresh_token=8c1c6229&x-expires=1764756000&x-signature=IsWaDajXwnq%2FTAcVh6Y4vxi7McI%3D&t=4d5b0474&ps=13740610&shp=30310797&shcp=ff37627b&idc=useast5,[],[]
https://www.tiktok.com/@winnews_/video/7545130801701113106,https://www.tiktok.com/@winnews_/video/7545130801701113106?is_from_webapp=1&sender_device=pc,https://www.tiktok.com/@winnews_/video/7545130801701113106?is_from_webapp=1&sender_device=pc,7545271991458497288,1756770559,2025-09-01T23:49:19.000Z,kalo kta bahlil dipertanyakan nasionalisme nya,0,False,,7545137376151929608,,7484919062541140993,0ni0nwithspicysugar,https://p16-common-sign.tiktokcdn-us.com/tos-alisg-avt-0068/cca99483344d4988884c3f9a11fcb670~tplv-tiktokx-cropcenter:100:100.jpg?dr=9640&refresh_token=cd90c04f&x-expires=1764756000&x-signature=ypi3bi6FE5fty%2BGiaBPwjPGOjcI%3D&t=4d5b0474&ps=13740610&shp=30310797&shcp=ff37627b&idc=useast5,[],[]
https://www.tiktok.com/@winnews_/video/7545130801701113106,https://www.tiktok.com/@winnews_/video/7545130801701113106?is_from_webapp=1&sender_device=pc,https://www.tiktok.com/@winnews_/video/7545130801701113106?is_from_webapp=1&sender_device=pc,7545252345387418375,1756765977,2025-09-01T22:32:57.000Z,ke luar negri,0,False,,7545137376151929608,,6819368996162094082,longballads,https://p16-common-sign.tiktokcdn-us.com/tos-maliva-avt-0068/21cbc73034dcbc1869f01d72f18f4314~tplv-tiktokx-cropcenter:100:100.jpg?dr=9640&refresh_token=653f4aec&x-expires=1764756000&x-signature=L38gdzeSTRZEca497Hhejx%2F5nfU%3D&t=4d5b0474&ps=13740610&shp=30310797&shcp=ff37627b&idc=useast5,[],[]
https://www.tiktok.com/@winnews_/video/7545130801701113106,https://www.tiktok.com/@winnews_/video/7545130801701113106?is_from_webapp=1&sender_device=pc,https://www.tiktok.com/@winnews_/video/7545130801701113106?is_from_webapp=1&sender_device=pc,7545156518318457618,1756743657,2025-09-01T16:20:57.000Z,jatoh dari pesawat,0,False,,7545137376151929608,,7152524725247230977,ibrianra,https://p16-common-sign.tiktokcdn-us.com/tos-alisg-avt-0068/5d2e7ffd23ff7539a116836f657d2ff8~tplv-tiktokx-cropcenter:100:100.jpg?dr=9640&refresh_token=20d7b326&x-expires=1764756000&x-signature=iaaOtxcZ2rPkb%2B%2BKcDuIPU5JhK0%3D&t=4d5b0474&ps=13740610&shp=30310797&shcp=ff37627b&idc=useast5,[],[]
https://www.tiktok.com/@winnews_/video/7545130801701113106,https://www.tiktok.com/@winnews_/video/7545130801701113106?is_from_webapp=1&sender_device=pc,https://www.tiktok.com/@winnews_/video/7545130801701113106?is_from_webapp=1&sender_device=pc,7545149481177268999,1756742015,2025-09-01T15:53:35.000Z,"maaf bang, kalo boleh tau dia komen apa",0,False,,7545137376151929608,,6881430067773752325,just.depin,https://p16-common-sign.tiktokcdn-us.com/tos-alisg-avt-0068/495ff81916860929c6cbaa5e883d54a9~tplv-tiktokx-cropcenter:100:100.jpg?dr=9640&refresh_token=3d9fdf60&x-expires=1764756000&x-signature=sJOSqDdh8JRWtMlNFv5XTn1h%2BQI%3D&t=4d5b0474&ps=13740610&shp=30310797&shcp=ff37627b&idc=useast5,[],[]
https://www.tiktok.com/@winnews_/video/7545130801701113106,https://www.tiktok.com/@winnews_/video/7545130801701113106?is_from_webapp=1&sender_device=pc,https://www.tiktok.com/@winnews_/video/7545130801701113106?is_from_webapp=1&sender_device=pc,7545149905225728785,1756742119,2025-09-01T15:55:19.000Z,yang mukul pendemo dinaikin pangkat bang,3,False,,7545137376151929608,,6968309093556585473,seanhoney__,https://p16-common-sign.tiktokcdn-us.com/tos-alisg-avt-0068/83a887ba9f53db910cc18a3a1f3db325~tplv-tiktokx-cropcenter:100:100.jpg?dr=9640&refresh_token=3f0bcf04&x-expires=1764756000&x-signature=tNshpM9oCGpzIjH%2FyW%2Fkb3M9czg%3D&t=4d5b0474&ps=13740610&shp=30310797&shcp=ff37627b&idc=useast5,[],[]
https://www.tiktok.com/@winnews_/video/7545130801701113106,https://www.tiktok.com/@winnews_/video/7545130801701113106?is_from_webapp=1&sender_device=pc,https://www.tiktok.com/@winnews_/video/7545130801701113106?is_from_webapp=1&sender_device=pc,7545148489534636818,1756741786,2025-09-01T15:49:46.000Z,"yg didemo meninggal juga, tapi meninggalkan negara & akal sehatnya",0,False,,7545137376151929608,,7009631518323639297,daisytranslates,https://p16-common-sign.tiktokcdn-us.com/tos-useast2a-avt-0068-giso/3712e87bfde6c92969fa12f2c598ea3f~tplv-tiktokx-cropcenter:100:100.jpg?dr=9640&refresh_token=e8388a7e&x-expires=1764756000&x-signature=rGNR9DtEUa1gtW7ciIc0%2BauzldA%3D&t=4d5b0474&ps=13740610&shp=30310797&shcp=ff37627b&idc=useast5,[],[]
https://www.tiktok.com/@winnews_/video/7545130801701113106,https://www.tiktok.com/@winnews_/video/7545130801701113106?is_from_webapp=1&sender_device=pc,https://www.tiktok.com/@winnews_/video/7545130801701113106?is_from_webapp=1&sender_device=pc,7545147697827234578,1756741599,2025-09-01T15:46:39.000Z,ngopi cooy,0,False,,7545137376151929608,,6925060838818923522,ini_k4g3,https://p16-common-sign.tiktokcdn-us.com/tos-alisg-avt-0068/db6995885d792abe1261280de7ec2fdc~tplv-tiktokx-cropcenter:100:100.jpg?dr=9640&refresh_token=d496f4ba&x-expires=1764756000&x-signature=N%2Fp%2BzuojbHrO91egGGXMo7AaeB4%3D&t=4d5b0474&ps=13740610&shp=30310797&shcp=ff37627b&idc=useast5,[],[]
https://www.tiktok.com/@winnews_/video/7545130801701113106,https://www.tiktok.com/@winnews_/video/7545130801701113106?is_from_webapp=1&sender_device=pc,https://www.tiktok.com/@winnews_/video/7545130801701113106?is_from_webapp=1&sender_device=pc,7545189742914503431,1756751394,2025-09-01T18:29:54.000Z,"meninggal juga, rasa kemanusiaan dan tanggung jawabnya ketika mereka disumpah dibawah kitab sucinya, suci itu cuma jadi kata pemanis.",1,False,,7545137376151929608,,7060821423808873474,samara.24680,https://p16-common-sign.tiktokcdn-us.com/tos-alisg-avt-0068/bb8154272813094631f350a20cdd1ec0~tplv-tiktokx-cropcenter:100:100.jpg?dr=9640&refresh_token=c5d8cc66&x-expires=1764756000&x-signature=5kAzvYoaQ6rIRzZcgF7Q3N%2Fi%2F58%3D&t=4d5b0474&ps=13740610&shp=30310797&shcp=ff37627b&idc=useast5,[],[]
https://www.tiktok.com/@winnews_/video/7545130801701113106,https://www.tiktok.com/@winnews_/video/7545130801701113106?is_from_webapp=1&sender_device=pc,https://www.tiktok.com/@winnews_/video/7545130801701113106?is_from_webapp=1&sender_device=pc,7545423077052924689,1756805721,2025-09-02T09:35:21.000Z,foya foya yang didemo,0,False,,7545137376151929608,,7291256969892693010,rrzzq45,https://p16-common-sign.tiktokcdn-us.com/tos-alisg-avt-0068/cbdb3706c7c95a52d2fe38baa25dacc4~tplv-tiktokx-cropcenter:100:100.jpg?dr=9640&refresh_token=1250951b&x-expires=1764756000&x-signature=HP8cgVtTuCXtskWkXZ0I37RRjFg%3D&t=4d5b0474&ps=13740610&shp=30310797&shcp=ff37627b&idc=useast5,[],[]
https://www.tiktok.com/@winnews_/video/7545130801701113106,https://www.tiktok.com/@winnews_/video/7545130801701113106?is_from_webapp=1&sender_device=pc,https://www.tiktok.com/@winnews_/video/7545130801701113106?is_from_webapp=1&sender_device=pc,7545302736058811152,1756777709,2025-09-02T01:48:29.000Z,di jarah🗿,0,False,,7545137376151929608,,7442306872780653588,sahhhhh60,https://p16-common-sign.tiktokcdn-us.com/tos-alisg-avt-0068/746b9b64e7081ea9a9005abb117ce124~tplv-tiktokx-cropcenter:100:100.jpg?dr=9640&refresh_token=dffdc8e3&x-expires=1764756000&x-signature=lkUrghymrdx1zJJljfnRVyNwLuE%3D&t=4d5b0474&ps=13740610&shp=30310797&shcp=ff37627b&idc=useast5,[],[]
https://www.tiktok.com/@winnews_/video/7545130801701113106,https://www.tiktok.com/@winnews_/video/7545130801701113106?is_from_webapp=1&sender_device=pc,https://www.tiktok.com/@winnews_/video/7545130801701113106?is_from_webapp=1&sender_device=pc,7545297389134152455,1756776458,2025-09-02T01:27:38.000Z,KELUAR NEGRI,0,False,,7545137376151929608,,7187996704511018011,muhammadjuliyapi,https://p16-common-sign.tiktokcdn-us.com/tos-maliva-avt-0068/1ef582532e7c6c9465c985d2cd8cdeb0~tplv-tiktokx-cropcenter:100:100.jpg?dr=9640&refresh_token=f93c4430&x-expires=1764756000&x-signature=qHU7mD4yx5hFkdndJeSEPJua8ZQ%3D&t=4d5b0474&ps=13740610&shp=30310797&shcp=ff37627b&idc=useast5,[],[]
https://www.tiktok.com/@winnews_/video/7545130801701113106,https://www.tiktok.com/@winnews_/video/7545130801701113106?is_from_webapp=1&sender_device=pc,https://www.tiktok.com/@winnews_/video/7545130801701113106?is_from_webapp=1&sender_device=pc,7545258653152330512,1756767466,2025-09-01T22:57:46.000Z,di jarah🗿,0,False,,7545137376151929608,,7012908232617640987,nur.nak.baekbaek,https://p16-common-sign.tiktokcdn-us.com/tos-alisg-avt-0068/580d2b300f9a1d505f7b1070adc45d2f~tplv-tiktokx-cropcenter:100:100.jpg?dr=9640&refresh_token=c2ad42c6&x-expires=1764756000&x-signature=2YFbo2Wbk9%2BWR0xrHANZP0A4buw%3D&t=4d5b0474&ps=13740610&shp=30310797&shcp=ff37627b&idc=useast5,[],[]
https://www.tiktok.com/@winnews_/video/7545130801701113106,https://www.tiktok.com/@winnews_/video/7545130801701113106?is_from_webapp=1&sender_device=pc,https://www.tiktok.com/@winnews_/video/7545130801701113106?is_from_webapp=1&sender_device=pc,7545289623409574676,1756774652,2025-09-02T00:57:32.000Z,sama lahh,2,False,,7545142510834975509,,7349032796365751301,yoiyou.yu,https://p16-common-sign.tiktokcdn-us.com/tos-maliva-avt-0068/7349032995845570565~tplv-tiktokx-cropcenter:100:100.jpg?dr=9640&refresh_token=a3f32798&x-expires=1764756000&x-signature=0CfUstKPxrlOdFPXDnPA9SPChkE%3D&t=4d5b0474&ps=13740610&shp=30310797&shcp=ff37627b&idc=useast5,[],[]
https://www.tiktok.com/@winnews_/video/7545130801701113106,https://www.tiktok.com/@winnews_/video/7545130801701113106?is_from_webapp=1&sender_device=pc,https://www.tiktok.com/@winnews_/video/7545130801701113106?is_from_webapp=1&sender_device=pc,7545245388930302728,1756764358,2025-09-01T22:05:58.000Z,Betul,1,False,,7545142510834975509,,6811807694229226498,khoirunnisa.ptr,https://p16-common-sign.tiktokcdn-us.com/tos-maliva-avt-0068/ee5cca5693ce426ab3aff14564864a2a~tplv-tiktokx-cropcenter:100:100.jpg?dr=9640&refresh_token=2935f432&x-expires=1764756000&x-signature=2DNYHz4AeauN79Bj5xZK%2Fdug6u4%3D&t=4d5b0474&ps=13740610&shp=30310797&shcp=ff37627b&idc=useast5,[],[]
https://www.tiktok.com/@winnews_/video/7545130801701113106,https://www.tiktok.com/@winnews_/video/7545130801701113106?is_from_webapp=1&sender_device=pc,https://www.tiktok.com/@winnews_/video/7545130801701113106?is_from_webapp=1&sender_device=pc,7545196787075236628,1756753035,2025-09-01T18:57:15.000Z,ASLI WEH KIRAIN GUE DOANG,0,False,,7545142510834975509,,6842424408088085506,jalaluddinrumii1,https://p16-common-sign.tiktokcdn-us.com/tos-maliva-avt-0068/f296bf301a6a42a37c2ecc4de925debf~tplv-tiktokx-cropcenter:100:100.jpg?dr=9640&refresh_token=4e367d43&x-expires=1764756000&x-signature=%2BSHR9KmzCNByh6hWD7h2FUSftZM%3D&t=4d5b0474&ps=13740610&shp=30310797&shcp=ff37627b&idc=useast5,[],[]
https://www.tiktok.com/@winnews_/video/7545130801701113106,https://www.tiktok.com/@winnews_/video/7545130801701113106?is_from_webapp=1&sender_device=pc,https://www.tiktok.com/@winnews_/video/7545130801701113106?is_from_webapp=1&sender_device=pc,7545147149346177813,1756741477,2025-09-01T15:44:37.000Z,SIAP,0,False,,7545142510834975509,,7540322683163051064,hadmorningstr_,https://p16-common-sign.tiktokcdn-us.com/tos-alisg-avt-0068/08f8428f9b14efcccc24f114063442f7~tplv-tiktokx-cropcenter:100:100.jpg?dr=9640&refresh_token=523ac2a0&x-expires=1764756000&x-signature=67wtwsCurvBuZP083%2BvACKJS3ro%3D&t=4d5b0474&ps=13740610&shp=30310797&shcp=ff37627b&idc=useast5,[],[]
https://www.tiktok.com/@winnews_/video/7545130801701113106,https://www.tiktok.com/@winnews_/video/7545130801701113106?is_from_webapp=1&sender_device=pc,https://www.tiktok.com/@winnews_/video/7545130801701113106?is_from_webapp=1&sender_device=pc,7546008436383941384,1756942016,2025-09-03T23:26:56.000Z,@luthfiyah mubarak,1,False,,7545142510834975509,,6695045701809243137,r.khla,https://p16-common-sign.tiktokcdn-us.com/tos-alisg-avt-0068/ff697492ecc77be001a2e1a2af227b21~tplv-tiktokx-cropcenter:100:100.jpg?dr=9640&refresh_token=7a97d817&x-expires=1764756000&x-signature=6m52tI%2FjsNgSMbI%2FVJaWMU4G1yE%3D&t=4d5b0474&ps=13740610&shp=30310797&shcp=ff37627b&idc=useast5,['@luthfiyah mubarak'],"[{'userId': '7500187354385105938', 'nickName': 'luthfiyah mubarak', 'profileUrl': 'https://www.tiktok.com/@7500187354385105938', 'secUid': 'MS4wLjABAAAAguqrXr8AmjHKw0-cBDeschTDSf6m55I2UMqw8ngwCEUQa1c0oh5w8eA6IOfdgjQX'}]"
https://www.tiktok.com/@winnews_/video/7545130801701113106,https://www.tiktok.com/@winnews_/video/7545130801701113106?is_from_webapp=1&sender_device=pc,https://www.tiktok.com/@winnews_/video/7545130801701113106?is_from_webapp=1&sender_device=pc,7545137451061265168,1756739217,2025-09-01T15:06:57.000Z,tapi buktinya banyak yg terkecoh dengan miss info2 akhir akhir ini,555,False,,7545133484499780359,,7390304722588943366,ziyad501yadd,https://p16-common-sign.tiktokcdn-us.com/tos-alisg-avt-0068/13ca8aa4c56925a507619b439ebb496c~tplv-tiktokx-cropcenter:100:100.jpg?dr=9640&refresh_token=b67e63c5&x-expires=1764756000&x-signature=bm7HMQnGjhI1FHq%2FTHJoCpvrTfQ%3D&t=4d5b0474&ps=13740610&shp=30310797&shcp=ff37627b&idc=useast5,[],[]
https://www.tiktok.com/@winnews_/video/7545130801701113106,https://www.tiktok.com/@winnews_/video/7545130801701113106?is_from_webapp=1&sender_device=pc,https://www.tiktok.com/@winnews_/video/7545130801701113106?is_from_webapp=1&sender_device=pc,7545138522043581191,1756739463,2025-09-01T15:11:03.000Z,"setidaknya lebih banyak yang berpikir Kritis
dibanding th 98",662,False,,7545133484499780359,,6877107639232709634,dazetjp.n,https://p16-common-sign.tiktokcdn-us.com/tos-alisg-avt-0068/a283945c60f68f77fe3df432c0daf2ef~tplv-tiktokx-cropcenter:100:100.jpg?dr=9640&refresh_token=fac07890&x-expires=1764756000&x-signature=LFHw%2FuhDtUJa0miW95RvcqaNHyI%3D&t=4d5b0474&ps=13740610&shp=30310797&shcp=ff37627b&idc=useast5,[],[]
https://www.tiktok.com/@winnews_/video/7545130801701113106,https://www.tiktok.com/@winnews_/video/7545130801701113106?is_from_webapp=1&sender_device=pc,https://www.tiktok.com/@winnews_/video/7545130801701113106?is_from_webapp=1&sender_device=pc,7545146725830411016,1756741534,2025-09-01T15:45:34.000Z,seenggaknya ga separah kek org² 98,214,False,,7545133484499780359,,7219704579121628166,asampezyes,https://p16-common-sign.tiktokcdn-us.com/tos-alisg-avt-0068/a058dbe0ad66c900459a59dfa6785b94~tplv-tiktokx-cropcenter:100:100.jpg?dr=9640&refresh_token=f844313b&x-expires=1764756000&x-signature=D2HWEdZfdTDjsg0zBc2pbwH%2BfNk%3D&t=4d5b0474&ps=13740610&shp=30310797&shcp=ff37627b&idc=useast5,[],[]
https://www.tiktok.com/@winnews_/video/7545130801701113106,https://www.tiktok.com/@winnews_/video/7545130801701113106?is_from_webapp=1&sender_device=pc,https://www.tiktok.com/@winnews_/video/7545130801701113106?is_from_webapp=1&sender_device=pc,7545166629943673607,1756746010,2025-09-01T17:00:10.000Z,dulu itu informasi ga secepat sekarang Informasi bisa disebar sedangkan dulu punya HP aja pasti jarang,31,False,,7545133484499780359,,6875540830443553797,hinataxhu,https://p19-common-sign.tiktokcdn-us.com/tos-alisg-avt-0068/7324512352466894849~tplv-tiktokx-cropcenter:100:100.jpg?dr=9640&refresh_token=58221f3c&x-expires=1764756000&x-signature=8Y7u0uT3TgeGmN76CAFW6N%2B63%2Fs%3D&t=4d5b0474&ps=13740610&shp=30310797&shcp=ff37627b&idc=useast5,[],[]
https://www.tiktok.com/@winnews_/video/7545130801701113106,https://www.tiktok.com/@winnews_/video/7545130801701113106?is_from_webapp=1&sender_device=pc,https://www.tiktok.com/@winnews_/video/7545130801701113106?is_from_webapp=1&sender_device=pc,7545196533810889489,1756752981,2025-09-01T18:56:21.000Z,"tapi setidaknya ga terlalu parah lah , klo yg terprovokasi ya udh pasti ada karna ga semua 100% org pinter",9,False,,7545133484499780359,,7519493645024822288,xena.damselettee,https://p16-common-sign.tiktokcdn-us.com/tos-alisg-avt-0068/fbef722361781888c77094a8cf8e9a51~tplv-tiktokx-cropcenter:100:100.jpg?dr=9640&refresh_token=28a4894a&x-expires=1764756000&x-signature=TOXO%2FfLLGOal6kBBCo%2FX6UPgmN8%3D&t=4d5b0474&ps=13740610&shp=30310797&shcp=ff37627b&idc=useast5,[],[]
https://www.tiktok.com/@winnews_/video/7545130801701113106,https://www.tiktok.com/@winnews_/video/7545130801701113106?is_from_webapp=1&sender_device=pc,https://www.tiktok.com/@winnews_/video/7545130801701113106?is_from_webapp=1&sender_device=pc,7545206279951024912,1756755251,2025-09-01T19:34:11.000Z,"krn udah ada sejarah sebelumnya, jadi udah pada belajar dari kejadian 98",2,False,,7545133484499780359,,6518781584613883906,treefreesbie,https://p16-common-sign.tiktokcdn-us.com/tos-useast2a-avt-0068-aiso/d78c58b4e1c092baecff67ee59821829~tplv-tiktokx-cropcenter:100:100.jpg?dr=9640&refresh_token=ce8f25eb&x-expires=1764756000&x-signature=Eisv5vPPzqA7pF1efJWbUe8ZUjk%3D&t=4d5b0474&ps=13740610&shp=30310797&shcp=ff37627b&idc=useast5,[],[]
https://www.tiktok.com/@winnews_/video/7545130801701113106,https://www.tiktok.com/@winnews_/video/7545130801701113106?is_from_webapp=1&sender_device=pc,https://www.tiktok.com/@winnews_/video/7545130801701113106?is_from_webapp=1&sender_device=pc,7545217191081362184,1756757789,2025-09-01T20:16:29.000Z,"at least ga sebanyak dulu, millenial sama genz udah pada pinter",1,False,,7545133484499780359,,6880864705469629441,goodvibezxzy,https://p16-common-sign.tiktokcdn-us.com/tos-alisg-avt-0068/a641b31cadbc49c35884268c5f1c1c4a~tplv-tiktokx-cropcenter:100:100.jpg?dr=9640&refresh_token=4dd1e6be&x-expires=1764756000&x-signature=cPH2znSxhnTLf5jsMI92tGvb4rw%3D&t=4d5b0474&ps=13740610&shp=30310797&shcp=ff37627b&idc=useast5,[],[]
https://www.tiktok.com/@winnews_/video/7545130801701113106,https://www.tiktok.com/@winnews_/video/7545130801701113106?is_from_webapp=1&sender_device=pc,https://www.tiktok.com/@winnews_/video/7545130801701113106?is_from_webapp=1&sender_device=pc,7545217311810028296,1756757819,2025-09-01T20:16:59.000Z,salah satu faktornya kareja teknolohi,1,False,,7545133484499780359,,6880864705469629441,goodvibezxzy,https://p16-common-sign.tiktokcdn-us.com/tos-alisg-avt-0068/a641b31cadbc49c35884268c5f1c1c4a~tplv-tiktokx-cropcenter:100:100.jpg?dr=9640&refresh_token=4dd1e6be&x-expires=1764756000&x-signature=cPH2znSxhnTLf5jsMI92tGvb4rw%3D&t=4d5b0474&ps=13740610&shp=30310797&shcp=ff37627b&idc=useast5,[],[]
https://www.tiktok.com/@winnews_/video/7545130801701113106,https://www.tiktok.com/@winnews_/video/7545130801701113106?is_from_webapp=1&sender_device=pc,https://www.tiktok.com/@winnews_/video/7545130801701113106?is_from_webapp=1&sender_device=pc,7545232233180791568,1756761301,2025-09-01T21:15:01.000Z,"biar aja, kek gtu kadang gen-Z overpride 😅",0,False,,7545133484499780359,,6888232452968842242,themechantropus,https://p16-common-sign.tiktokcdn-us.com/tos-useast2a-avt-0068-aiso/592d69ffdfc2e3bee480735bbccab578~tplv-tiktokx-cropcenter:100:100.jpg?dr=9640&refresh_token=3b87b7a9&x-expires=1764756000&x-signature=gEa2wz3hVb22ZXDCnDxfSoXZtQc%3D&t=4d5b0474&ps=13740610&shp=30310797&shcp=ff37627b&idc=useast5,[],[]
https://www.tiktok.com/@winnews_/video/7545130801701113106,https://www.tiktok.com/@winnews_/video/7545130801701113106?is_from_webapp=1&sender_device=pc,https://www.tiktok.com/@winnews_/video/7545130801701113106?is_from_webapp=1&sender_device=pc,7545271848692777746,1756770526,2025-09-01T23:48:46.000Z,diantara seluruh informasi bisa kesaring pun keren,0,False,,7545133484499780359,,7484919062541140993,0ni0nwithspicysugar,https://p16-common-sign.tiktokcdn-us.com/tos-alisg-avt-0068/cca99483344d4988884c3f9a11fcb670~tplv-tiktokx-cropcenter:100:100.jpg?dr=9640&refresh_token=cd90c04f&x-expires=1764756000&x-signature=ypi3bi6FE5fty%2BGiaBPwjPGOjcI%3D&t=4d5b0474&ps=13740610&shp=30310797&shcp=ff37627b&idc=useast5,[],[]
https://www.tiktok.com/@winnews_/video/7545130801701113106,https://www.tiktok.com/@winnews_/video/7545130801701113106?is_from_webapp=1&sender_device=pc,https://www.tiktok.com/@winnews_/video/7545130801701113106?is_from_webapp=1&sender_device=pc,7545413543434224402,1756803501,2025-09-02T08:58:21.000Z,"tapi banyak dari mereka buzzer atau orang-orang tua, ya kecuali nak Bali yang edgy itu bang. di Instagram aksi kamisan Bali aja atau info Bali masih banyak orang tone deaf... capek banget. selain nak Bali. sebenernya banyak anak muda lain yang nir empati dan tone deaf jg kok bang.. banyak😭",0,False,,7545133484499780359,,7029108337304699931,se.lenee,https://p16-common-sign.tiktokcdn-us.com/tos-alisg-avt-0068/59c5b1a9c0a1d11c8f8d252805aef2b5~tplv-tiktokx-cropcenter:100:100.jpg?dr=9640&refresh_token=3be97089&x-expires=1764756000&x-signature=So3KW6WsDUbhmGC2iR5y564lNbw%3D&t=4d5b0474&ps=13740610&shp=30310797&shcp=ff37627b&idc=useast5,[],[]
https://www.tiktok.com/@winnews_/video/7545130801701113106,https://www.tiktok.com/@winnews_/video/7545130801701113106?is_from_webapp=1&sender_device=pc,https://www.tiktok.com/@winnews_/video/7545130801701113106?is_from_webapp=1&sender_device=pc,7545527227221181204,1756829969,2025-09-02T16:19:29.000Z,"ya kan zaman gk stuck disitu kak, makanya sekrang pada pintar""",0,False,,7545133484499780359,,7515433403831895048,zeee5376,https://p16-common-sign.tiktokcdn-us.com/musically-maliva-obj/1594805258216454~tplv-tiktokx-cropcenter:100:100.jpg?dr=9640&refresh_token=9e7facf1&x-expires=1764756000&x-signature=sAk9v62IG1kaGY%2Fiaki8I%2FmAZaM%3D&t=4d5b0474&ps=13740610&shp=30310797&shcp=ff37627b&idc=useast5,[],[]
