﻿id;created_at;username;text_clean;like_count;reply_count;video_url;sentiment_label;
1;2025-08-30 00:58:22+00:00;adlhkim13;cair cair🤑🤑;1;0;https://www.tiktok.com/@winnews_/video/7543481561757257016;negative;
2;2025-10-13 03:10:40+00:00;user2211832869153;banyak artis yg lulusan SMA bisa duduk di DPR ITU SIAPA YG MILIH DIA JDI DPR ,BANYAK GENERASI MUDA LULUSAN S1 S2 S3 GK DI GUNAKAN PERCUMA KULIAH KLAU BEGITU CARANYA;0;0;https://www.tiktok.com/@salsaerwina/video/7560489976912203020;neutral;
3;2025-08-28 05:22:55+00:00;adriyantolawuno;bukan GK jelas bang tapi mereka ingin sebuah perubahan 🗿 negara ini mulai aneh makanya banyak tuntutan nya bukan gak jelas tapi terlalu banyak,banyak sekali pertanyaan tentang negara ini!;0;1;https://www.tiktok.com/@winnews_/video/7543481561757257016;neutral;
4;2025-08-31 07:41:59+00:00;_anonimm11;stay safe guys. pulang dulu yaa . jangan mudah terprovokasi😊;14;0;https://www.tiktok.com/@pitengz2.0/video/7544611963846823224;positive;
5;2025-09-01 15:18:04+00:00;dyzrinx;pindah negara bg 🗿;149;0;https://www.tiktok.com/@winnews_/video/7545130801701113106;negative;
6;2025-09-01 11:47:45+00:00;salahsatuu1;sapa nihh🗿;1;0;https://www.tiktok.com/@detikcom/video/7545059513821449473;negative;
7;2025-08-31 06:01:48+00:00;say_lala50;bener;1;0;https://www.tiktok.com/@pitengz2.0/video/7544611963846823224;positive;
8;2025-10-15 17:40:47+00:00;triple.net7;coblos aja semua biar adil jangan di kosongkan suaranya coblos calon lebih dari satu;0;0;https://www.tiktok.com/@salsaerwina/video/7560489976912203020;neutral;
9;2025-08-31 06:05:52+00:00;el_shyaf;SEKARANG MAKIN BANYAK YG CUMA MENYIARKAN KERUGIAN AKIBAT DEMO. PADAHAL SEBELUMNYA GAK ADA TU AKUN BAHAS DEMO SEGALA MACEM. rakyat dikambinghitamkan.;7;0;https://www.tiktok.com/@pitengz2.0/video/7544611963846823224;neutral;
10;2025-08-31 07:40:57+00:00;fazry89;point' suara rakyat sudah di nonaktifkan atau tidak di dengar lagi, hanya militer yg berkuasa;1;0;https://www.tiktok.com/@pitengz2.0/video/7544611963846823224;neutral;
11;2025-08-31 09:42:17+00:00;yourgirlieque;oh iya kah kakk tengkyu info nya soalnya sedengar nya saya sih di sby banyak yang bakar bakar trs jalanan full + penembakan kalau ga salah gatau lagi kalau sudah reda apa nga;1;0;https://www.tiktok.com/@pitengz2.0/video/7544611963846823224;neutral;
12;2025-10-27 03:21:48+00:00;deni61487;ttp sy TDK akan coblos DPR RI.muak sy liat nya;0;0;https://www.tiktok.com/@salsaerwina/video/7560489976912203020;negative;
13;2025-08-28 17:41:20+00:00;ahmadarif7715;ngasal gimana kocak warganya lagi pada demo pemerintah nya malah serah terima penghargaan bang lu kocak;3;0;https://www.tiktok.com/@winnews_/video/7543481561757257016;negative;
14;2025-10-13 07:45:55+00:00;bebnia79;coblos jg percuma cm jalan di tempat. di tangan yg salah;0;0;https://www.tiktok.com/@salsaerwina/video/7560489976912203020;negative;
15;2025-10-13 03:36:26+00:00;craft69uhahuh;trs gue hars milih siapa 😂;0;0;https://www.tiktok.com/@salsaerwina/video/7560489976912203020;neutral;
16;2025-08-31 07:37:17+00:00;loverskaiseerl;udah lawan ka, setelah ngatain aku lc atau buzzer triak buzzer. mereka menghilang 😭😭;6;0;https://www.tiktok.com/@pitengz2.0/video/7544611963846823224;neutral;
17;2025-08-31 09:20:26+00:00;hvdnn.3gp;buzzer salinan;0;0;https://www.tiktok.com/@pitengz2.0/video/7544611963846823224;negative;
18;2025-08-28 06:13:07+00:00;fel_tus;*demo;0;0;https://www.tiktok.com/@winnews_/video/7543481561757257016;negative;
19;2025-08-28 05:12:38+00:00;user4691711206096;yg nuntut DPR bubar ga paham sistem pemerintahannya sendiri;10;1;https://www.tiktok.com/@winnews_/video/7543481561757257016;negative;
20;2025-08-30 17:25:03+00:00;rizbay0;merusak fasilitas umum juga termasuk??;0;0;https://www.tiktok.com/@winnews_/video/7543481561757257016;neutral;
21;2025-08-28 05:15:49+00:00;taurusian21;Alhamdulillah beragama bukan atheis😭😭😭;10;0;https://www.tiktok.com/@winnews_/video/7543481561757257016;neutral;
22;2025-10-14 02:43:45+00:00;princess171710;betul semangat ka salsa kebenaran di atas segala nya;2;1;https://www.tiktok.com/@salsaerwina/video/7560489976912203020;positive;
23;2025-08-29 14:41:50+00:00;zhaime59;"Yg saya bilang itu bukan soal rusuhnya. Tapi tuduhan kepada organisasi yg demo. Kalau rusuh mah rusuh aja, biar kedengaran yg ini saya dukung😅. Tapi mengkategorikan ""Organisasi"" dengan demo yg tidak murni itu gblk. Ya karena pada dasarnya demo emang ada caranya, aturannya. bukan main datang, kumpul terus teriak"".";0;0;https://www.tiktok.com/@winnews_/video/7543481561757257016;negative;
24;2025-10-14 18:44:13+00:00;user5941586161213;karena tdk ada yg dipilih mbak;0;0;https://www.tiktok.com/@salsaerwina/video/7560489976912203020;negative;
25;2025-11-06 13:27:45+00:00;dienkalem;percumah ngak dipilih juga jadi sendiri 😀;0;0;https://www.tiktok.com/@salsaerwina/video/7560489976912203020;negative;
26;2025-08-31 08:44:19+00:00;blueismyfavoriteover;siapa ya yang mendesain bang? penasaran banget;3;16;https://www.tiktok.com/@pitengz2.0/video/7544611963846823224;negative;
27;2025-10-13 03:14:31+00:00;eliceseymour;benarr👍;0;0;https://www.tiktok.com/@salsaerwina/video/7560489976912203020;positive;
28;2025-11-21 12:49:38+00:00;alen_pili;asal demi kebnaran kita dukung mbk salsa untk trs bersuara setiap saat agar rakyt digiring untk memilih yg bnr;0;0;https://www.tiktok.com/@salsaerwina/video/7560489976912203020;positive;
29;2025-09-01 10:39:00+00:00;aank.wahyu;Ini baru Mahasiswa,,,dewasa & Brani tanggung jwb👍👍👍;1;0;https://www.tiktok.com/@detikcom/video/7545059513821449473;positive;
30;2025-09-02 14:33:33+00:00;anggorolampung;termul;0;0;https://www.tiktok.com/@pitengz2.0/video/7544611963846823224;negative;
31;2025-09-01 14:20:13+00:00;lid.do.render;ga demo lg? lha video ini kan berita demo hari ini tgl 1 September...;6;0;https://www.tiktok.com/@detikcom/video/7545059513821449473;neutral;
32;2025-08-31 07:19:53+00:00;imdeobi;jangan takut kak, itu emg tujuan mereka. sabar & semangat, perjuangan gak akan ada yg mudah tp InsyaaAllah akan membuahkan hasil yg baik.;61;0;https://www.tiktok.com/@pitengz2.0/video/7544611963846823224;positive;
33;2025-08-31 07:35:51+00:00;ayeshasalsabora;termul ya;7;0;https://www.tiktok.com/@pitengz2.0/video/7544611963846823224;negative;
34;2025-09-01 06:07:25+00:00;wiji.hastuti7;buzzer yaman nih;0;0;https://www.tiktok.com/@pitengz2.0/video/7544611963846823224;negative;
35;2025-09-02 06:42:41+00:00;itz_peachy03;ohhh jadi tujuan oknum ngirim sogokan 'buzzer' ternyata buat masukin 'trust issues' di antara rakyat☺️Nah, ketahuan dah tujuan asli 150jt ituuuu;8;3;https://www.tiktok.com/@pitengz2.0/video/7544611963846823224;neutral;
36;2025-08-31 05:15:49+00:00;sheeeessh54;darurat militer itu gimana ya?;17;31;https://www.tiktok.com/@pitengz2.0/video/7544611963846823224;neutral;
37;2025-11-06 05:03:12+00:00;manikpolandia;banyak orang bilang embak adalah buzer Jokowi. .gimana embak menyikapinya.;0;0;https://www.tiktok.com/@salsaerwina/video/7560489976912203020;negative;
38;2025-10-13 03:37:20+00:00;nasihin0739;cocok;0;0;https://www.tiktok.com/@salsaerwina/video/7560489976912203020;positive;
39;2025-08-31 07:40:22+00:00;imdeobi;lah seumur kah kita? masih piyik ya taun 98😅;0;0;https://www.tiktok.com/@pitengz2.0/video/7544611963846823224;neutral;
40;2025-08-28 07:31:51+00:00;seeionn;kalo keluar terus kena orang² yang ga ikut demo gimana dong? banyak yg kena loh sampe ibu² juga;0;0;https://www.tiktok.com/@winnews_/video/7543481561757257016;neutral;
41;2025-09-02 05:08:25+00:00;via.ya;"iya penyusup nya anak"" SMP sama STM";1;0;https://www.tiktok.com/@detikcom/video/7545059513821449473;negative;
42;2025-10-13 03:34:12+00:00;elcakrawala86;sepertinya mereka terpaksa GolPut karena... Masyrakat...seolah2 dipaksa utk memilih Serigala yang akan mencabik2 mereka lgi.... karna...kalaupun ada caleg yg baik...mereka akan berubah ketika mereka sdh mendapat posisi di Parlemen... Tidak ada CALEG yg benar2 meperjuangkan Rakyat.... Entalah... mereka itu serigala iya...tikus jg iya... Bahkan Ular jg iya.;1;1;https://www.tiktok.com/@salsaerwina/video/7560489976912203020;negative;
43;2025-08-30 00:35:23+00:00;resajayakusuma;mending naikin UMR ga sih;1;0;https://www.tiktok.com/@winnews_/video/7543481561757257016;neutral;
44;2025-09-01 15:39:05+00:00;rhafatcas_www.com;jangan nyerah sampe dpr bubar;632;112;https://www.tiktok.com/@winnews_/video/7545130801701113106;positive;
45;2025-10-14 09:50:41+00:00;widyzatalini;amen ❤️terimakasih utk dukungannya kak —tim @user;0;0;https://www.tiktok.com/@salsaerwina/video/7560489976912203020;positive;
46;2025-08-28 17:17:40+00:00;khondak25;Siapapun mereka yang demo kalian hebat;2;0;https://www.tiktok.com/@winnews_/video/7543481561757257016;positive;
47;2025-10-20 05:47:19+00:00;panjilaras174;MBK salsa kpn nyaleg ?? rakyat PST mendukungmu 👍🙏;0;0;https://www.tiktok.com/@salsaerwina/video/7560489976912203020;positive;
48;2025-10-15 03:15:25+00:00;adiboxy698;TUNTULAH ILMU SAMPAI KENEGRI CINA ( UTLUBU AL ILM WALAW BISSIHIN). Muslim di Cina banyak mereka percaya tuhan. 😊;0;0;https://www.tiktok.com/@salsaerwina/video/7560489976912203020;positive;
49;2025-08-28 16:29:00+00:00;gaaz10_;jatuhnya bikin rusuh aja ga si bukan demo;2;0;https://www.tiktok.com/@winnews_/video/7543481561757257016;negative;
50;2025-10-13 00:06:46+00:00;akupengencantikbisagak;pertama;2;1;https://www.tiktok.com/@salsaerwina/video/7560489976912203020;neutral;
51;2025-09-01 10:33:48+00:00;pawondjengsri;semoga Alloh melindungi paravpejuang yg sedang menuntut hak2 rakyat indonesia;2;0;https://www.tiktok.com/@detikcom/video/7545059513821449473;positive;
52;2025-09-01 11:42:22+00:00;sipengenwangi;Yok melek guys, melek, ademkan atinya, JANGAN SAMPE KESULUTTT 🙏🙏🙏;1;0;https://www.tiktok.com/@detikcom/video/7545059513821449473;positive;
53;2025-09-02 18:50:15+00:00;nyci1414;presiden di bawah DPR🤭 jadi tau kan siapa yang minta??;0;0;https://www.tiktok.com/@pitengz2.0/video/7544611963846823224;negative;
54;2025-09-06 01:07:13+00:00;taengerene;bukan akal2 an kak Jerome doang, itu banyak yg ditawarin tarif beda2;0;0;https://www.tiktok.com/@pitengz2.0/video/7544611963846823224;neutral;
55;2025-10-14 09:49:48+00:00;widyzatalini;ya kak.. kita hrs fokus pd substansi 🔥 —tim @user;0;0;https://www.tiktok.com/@salsaerwina/video/7560489976912203020;positive;
56;2025-09-01 20:16:59+00:00;goodvibezxzy;salah satu faktornya kareja teknolohi;1;0;https://www.tiktok.com/@winnews_/video/7545130801701113106;positive;
57;2025-08-30 15:02:18+00:00;siapa.hayo.22;soalnya bayak buzzer yang nyuruh demo di bandara kak jadi di tutup live nya;1;0;https://www.tiktok.com/@winnews_/video/7543481561757257016;neutral;
58;2025-08-29 02:19:20+00:00;syahrulmaulana062;otak kopong🤣;0;0;https://www.tiktok.com/@winnews_/video/7543481561757257016;negative;
59;2025-08-31 06:48:59+00:00;noniknonik8;ini dalang nya riza;2;0;https://www.tiktok.com/@pitengz2.0/video/7544611963846823224;negative;
60;2025-08-28 15:49:12+00:00;ky.zuyaaaaaa;VIRALKANNNNN WOIII💔;8;0;https://www.tiktok.com/@winnews_/video/7543481561757257016;positive;
61;2025-08-28 04:42:08+00:00;a.ppandu;lah trus 212???!!;24;0;https://www.tiktok.com/@winnews_/video/7543481561757257016;negative;
62;2025-10-13 05:33:30+00:00;salsaerwina;siap kak..;2;0;https://www.tiktok.com/@salsaerwina/video/7560489976912203020;positive;
63;2025-09-01 15:21:22+00:00;miminkomari;people who think all the time;335;2;https://www.tiktok.com/@winnews_/video/7545130801701113106;neutral;
64;2025-08-31 12:36:53+00:00;meltedcheese12;kalau ktmu akun kyk gini, laporin;1;0;https://www.tiktok.com/@pitengz2.0/video/7544611963846823224;negative;
65;2025-08-28 15:46:07+00:00;tsar_43;yang nuntut prabowo mundur fiks anak abah sakit hati😁;1;2;https://www.tiktok.com/@winnews_/video/7543481561757257016;negative;
66;2025-08-28 16:43:05+00:00;anomii5;Lebih t0l0l lagi yg cuma bisa komen tanpa tau permasalahan dan gak peduli sama sekali;1;0;https://www.tiktok.com/@winnews_/video/7543481561757257016;negative;
67;2025-11-02 12:26:20+00:00;perisai86_;percuma mba.klu sistem sdh di kuasai,maka hasil itu bisa di ubah semau penguasa;0;0;https://www.tiktok.com/@salsaerwina/video/7560489976912203020;negative;
68;2025-10-13 15:50:52+00:00;ema.fatimah6;betul;0;0;https://www.tiktok.com/@salsaerwina/video/7560489976912203020;positive;
69;2025-08-31 18:16:36+00:00;aliflam331;termul🤣;0;0;https://www.tiktok.com/@pitengz2.0/video/7544611963846823224;negative;
70;2025-10-14 14:11:00+00:00;fauzi3846;Heiiii, memilih? Siapa yg dipilih????? SIAPA YG DIPILIH ITU????;0;0;https://www.tiktok.com/@salsaerwina/video/7560489976912203020;neutral;
71;2025-08-31 23:12:24+00:00;coffeecream.84;y elaaah pasti da kesempatan,inget bro wkt itu ada emak2 projo terang2an mau menumbangkn prbowo krn skit hati tom lembong ksh amnesti,y bs jd mereka kerja sama dgn tuh mafia minyak;2;0;https://www.tiktok.com/@pitengz2.0/video/7544611963846823224;negative;
72;2025-08-28 17:13:20+00:00;littlestarz_;wkwkwk bener lg;0;0;https://www.tiktok.com/@winnews_/video/7543481561757257016;neutral;
73;2025-11-07 04:01:51+00:00;yulianto.pwd;sama aku juga ndk lercaya🥰🥰;0;0;https://www.tiktok.com/@salsaerwina/video/7560489976912203020;neutral;
74;2025-08-28 05:11:05+00:00;qwerts0_;lu pikir bubarkan dpr realistis? sepower presiden aja gabakal bisa bubarin dpr walaupun di demo juga kocak bet;6;0;https://www.tiktok.com/@winnews_/video/7543481561757257016;negative;
75;2025-10-14 13:49:26+00:00;psunaryo;betul sekali itu mbk;0;0;https://www.tiktok.com/@salsaerwina/video/7560489976912203020;positive;
76;2025-08-29 22:30:30+00:00;hychhh6;cair 150jt ni;6;0;https://www.tiktok.com/@winnews_/video/7543481561757257016;negative;
77;2025-10-14 02:31:07+00:00;bintangtani.id;Apa Solusinya untuk perubahan di tahun 2029 ??? Apa bikin partai / wadah untuk calon karyawan yg setia pada Bos (rakyat) Apa bikin afiliasi ke partai tertentu yg capable buat calon karyawan kita mohon bantu menjawab, 🙏😊;0;0;https://www.tiktok.com/@salsaerwina/video/7560489976912203020;neutral;
78;2025-10-14 16:10:22+00:00;koni4337;selama ini suara rakyat bisa ilang disaat dipungut yang menang bisa kala yang kalah bisa menang permain nan orang2 pengguasa dipusat;0;0;https://www.tiktok.com/@salsaerwina/video/7560489976912203020;negative;
79;2025-11-08 07:11:40+00:00;tahasusah;Mantap penjelasannya Kaka.betul x;0;0;https://www.tiktok.com/@salsaerwina/video/7560489976912203020;positive;
80;2025-10-13 02:10:29+00:00;rizalprasetya1985;Nyoblos itu buang waktu saja mending rebahan di kasur;0;0;https://www.tiktok.com/@salsaerwina/video/7560489976912203020;negative;
81;2025-08-29 08:02:17+00:00;cchann___;saking banyaknya masalah kaa;1;0;https://www.tiktok.com/@winnews_/video/7543481561757257016;neutral;
82;2025-09-01 13:43:31+00:00;marcioklamar;matanya bagus💀;0;0;https://www.tiktok.com/@pitengz2.0/video/7544611963846823224;neutral;
83;2025-11-06 16:14:46+00:00;gustipututribangg;"Trimakasih Mbak Salsa Erwina Stas Saran""x yang Tulus Ixlas Sefortip dan Pisitif, Semoga Tuhan Selalu melindungi Dirimu.";0;0;https://www.tiktok.com/@salsaerwina/video/7560489976912203020;positive;
84;2025-08-31 07:55:06+00:00;manjadahwahpasrah;intinya semua kendali dibawah keputusan militer. ruang kita sebagai rakyat sipil dibatasi.;2;0;https://www.tiktok.com/@pitengz2.0/video/7544611963846823224;positive;
85;2025-09-01 23:48:46+00:00;0ni0nwithspicysugar;diantara seluruh informasi bisa kesaring pun keren;0;0;https://www.tiktok.com/@winnews_/video/7545130801701113106;neutral;
86;2025-08-28 16:30:08+00:00;case0743;temen gua ojol dia udh pada ketemu Pimpinan brimob nya di Mako, udh bertanggung jawab yg bawa mobilnya di persiksa;2;0;https://www.tiktok.com/@winnews_/video/7543481561757257016;neutral;
87;2025-10-15 03:31:55+00:00;kangmasarga;Buah simalakama besti. Calon yang baik kebanyakan dijegal, juga kurang sosialisasi program, padahal program juga bisa via sosmed.;0;0;https://www.tiktok.com/@salsaerwina/video/7560489976912203020;neutral;
88;2025-10-18 12:21:32+00:00;bibin_channel;Calon anggota DPR harus ttd perjanjian politik apabila tidak bisa bekerja lebih baik maka bersedia mengundurkan diri;0;0;https://www.tiktok.com/@salsaerwina/video/7560489976912203020;neutral;
89;2025-11-08 03:59:38+00:00;imam.efrndi;👍👍lanjutkan mbak salsa;0;0;https://www.tiktok.com/@salsaerwina/video/7560489976912203020;positive;
90;2025-09-02 09:35:21+00:00;rrzzq45;foya foya yang didemo;0;0;https://www.tiktok.com/@winnews_/video/7545130801701113106;negative;
91;2025-09-01 11:53:41+00:00;oanggieo;yu @user you can do it, open live fitur like now!;1;0;https://www.tiktok.com/@detikcom/video/7545059513821449473;neutral;
92;2025-09-05 17:31:15+00:00;takutowaa;Cairrrr;0;0;https://www.tiktok.com/@detikcom/video/7545059513821449473;negative;
93;2025-08-28 08:35:00+00:00;daneliarosa22;udah berapa kali liat VT kayak gini😑 jd yg demo kemarin dan netizen yg ngamuk2 sm DPR dianggaep buzzer😑👊;4;0;https://www.tiktok.com/@winnews_/video/7543481561757257016;negative; 
94;2025-08-28 15:50:47+00:00;callmearlyy;viralin;137;2;https://www.tiktok.com/@winnews_/video/7543481561757257016;neutral;
95;2025-09-01 10:59:50+00:00;sumiyatk;mantap;2;0;https://www.tiktok.com/@detikcom/video/7545059513821449473;positive;
96;2025-08-31 05:44:32+00:00;moelkurap1928;jelas yang bisa melakukan semua ini yang megang duit 11rb triliun dikantong nya.;444;19;https://www.tiktok.com/@pitengz2.0/video/7544611963846823224;negative;
97;2025-08-31 12:23:47+00:00;ryaputri42;siaapa kak, spill biar tidak luar pikiran nya;0;0;https://www.tiktok.com/@pitengz2.0/video/7544611963846823224;neutral;
98;2025-10-17 05:00:27+00:00;sleepoveeer1;"DPR boleh di pilih, pendidikannya paling rendah S2 bukan penyanyi Dangdut seleb"" banyak tak berkualitas";0;0;https://www.tiktok.com/@salsaerwina/video/7560489976912203020;negative;
99;2025-10-13 04:18:38+00:00;yshecha025;semangat terus kak salsa;1;1;https://www.tiktok.com/@salsaerwina/video/7560489976912203020;positive;
100;2025-10-13 09:33:55+00:00;edna14265;dukung Lita Gading x Ahmad Dani;1;0;https://www.tiktok.com/@salsaerwina/video/7560489976912203020;negative;
101;2025-08-28 11:05:30+00:00;gembheng8;karna saking banyaknya masalah di negeri ini;5;0;https://www.tiktok.com/@winnews_/video/7543481561757257016;neutral;
102;2025-08-31 21:49:20+00:00;teslaalgebra;wowo wiwi juga;2;0;https://www.tiktok.com/@pitengz2.0/video/7544611963846823224;negative;
103;2025-11-03 22:03:05+00:00;thomaskensuray;banyak negara komunis yg sejahtera.aman dn Makmur.;1;0;https://www.tiktok.com/@salsaerwina/video/7560489976912203020;neutral;
104;2025-10-13 00:27:20+00:00;salsaerwina;Wajar kak, banyak yang ngerasa sama 😔 tapi semoga tetap semangat, suara kita tetap berarti 💪;2;0;https://www.tiktok.com/@salsaerwina/video/7560489976912203020;positive;
105;2025-08-31 09:37:51+00:00;e_pull4;dan sakit hati mesjid di bakar masa halte bus di bakar;0;0;https://www.tiktok.com/@pitengz2.0/video/7544611963846823224;negative;
106;2025-11-18 05:06:08+00:00;tatok.akhdan;gimana maunoblos pelayanan yg di perantauan ga di respon datanya yg masih kerja serabutan....;0;0;https://www.tiktok.com/@salsaerwina/video/7560489976912203020;negative;
107;2025-11-07 07:30:44+00:00;yahya314509q;MASALAHNYA KA' ORANG PADA milih amlop, bukan MILIH ORANG YANG BAIK😢😢😢;0;0;https://www.tiktok.com/@salsaerwina/video/7560489976912203020;negative;
108;2025-09-01 22:39:59+00:00;khxtkv;Boost;0;0;https://www.tiktok.com/@detikcom/video/7545059513821449473;positive;
109;2025-11-07 15:02:44+00:00;usero83838849491;mantap mba salsa bantu kami supaya bisa dapat bansos mba;0;0;https://www.tiktok.com/@salsaerwina/video/7560489976912203020;negative;
110;2025-09-02 10:21:07+00:00;gelapbanget1111;cairrrr 150 ni;0;1;https://www.tiktok.com/@pitengz2.0/video/7544611963846823224;negative;
111;2025-10-13 00:15:10+00:00;adiboxy698;NEGARA KOMUNIS LEBIH BAIK BAGI YANG PAHAM DAN MENGERTI 🙏;30;12;https://www.tiktok.com/@salsaerwina/video/7560489976912203020;negative;
112;2025-09-01 21:21:25+00:00;sugarymilkbun;yg di demo sih masih happy, healthy, wealthy, nanti mati dibakar api sampe inti bumi;1;0;https://www.tiktok.com/@winnews_/video/7545130801701113106;negative;
113;2025-11-07 11:01:15+00:00;sutriatno0;Memilih DPR Orang yg terkenal pasti dipilih contoh artis padahal tidak tau kemampuannya, terutama masyarakat kecil, bagaimana solusinya supaya lebih memamhami;0;0;https://www.tiktok.com/@salsaerwina/video/7560489976912203020;negative;
114;2025-08-28 15:10:40+00:00;ghorefreakhs0w;Up!!!;276;7;https://www.tiktok.com/@winnews_/video/7543481561757257016;positive;
115;2025-10-14 02:44:49+00:00;pri_hehe;including me kak🥺;0;0;https://www.tiktok.com/@salsaerwina/video/7560489976912203020;positive;
116;2025-09-02 05:02:39+00:00;swibuman;meninggalkan negara;0;0;https://www.tiktok.com/@winnews_/video/7545130801701113106;negative;
117;2025-08-31 16:11:41+00:00;skyndrr_;buset tujuan awalnya apa berakhir nya malah jadi begini anj;16;0;https://www.tiktok.com/@pitengz2.0/video/7544611963846823224;negative;
118;2025-08-29 13:08:59+00:00;rascals.id;Biasa nyari notif;0;0;https://www.tiktok.com/@winnews_/video/7543481561757257016;negative;
119;2025-09-01 15:46:39+00:00;ini_k4g3;ngopi cooy;0;0;https://www.tiktok.com/@winnews_/video/7545130801701113106;neutral;
120;2025-09-02 00:57:32+00:00;yoiyou.yu;sama lahh;2;0;https://www.tiktok.com/@winnews_/video/7545130801701113106;neutral;
121;2025-09-03 07:22:26+00:00;bryan.boy22;Semangatt;1;0;https://www.tiktok.com/@detikcom/video/7545059513821449473;positive;
122;2025-08-28 06:33:12+00:00;dawet_klepon;fomo doang itu mah, demo cuma modal marah² doang 🗿;0;0;https://www.tiktok.com/@winnews_/video/7543481561757257016;negative;
123;2025-08-28 17:24:14+00:00;hanjonat;tolol final boss;54;0;https://www.tiktok.com/@winnews_/video/7543481561757257016;negative;
124;2025-10-15 01:52:10+00:00;agus_9.7;bisa dibilang gitu. tp sifat komunis kalo orang yg tidak sejalan dengan mereka bakal dihabisi. orang yg tidak sepemikiran dengan komunis bakal dihilangkan. itu tidak sejalan dengan kepercayaan yg diantut di indonesia. karena komunis mirip orang2 ateis yg tidak percaya adanya tuhan.;0;0;https://www.tiktok.com/@salsaerwina/video/7560489976912203020;negative;
125;2025-08-28 06:43:48+00:00;imdrtw._;woopp prittttt😅;0;0;https://www.tiktok.com/@winnews_/video/7543481561757257016;neutral;
126;2025-10-18 13:44:49+00:00;mbodet123453;setuju;0;0;https://www.tiktok.com/@salsaerwina/video/7560489976912203020;positive;
127;2025-09-03 00:35:45+00:00;nakasoegito;Punya google kan hp lu?...gunanya apa hp????;0;0;https://www.tiktok.com/@pitengz2.0/video/7544611963846823224;negative;
128;2025-09-02 08:27:41+00:00;agusto.pgo;bener. krn kita mau dibentur2in.;3;0;https://www.tiktok.com/@pitengz2.0/video/7544611963846823224;neutral;
129;2025-08-28 20:56:20+00:00;fashaa__t_;yg berperan penting 😭😂;0;0;https://www.tiktok.com/@winnews_/video/7543481561757257016;neutral;
130;2025-11-07 13:25:09+00:00;ricowahyudi008;sy sdh tdk mau pilih lagi percuma. sy sj tdk percy hukum di konoha;0;0;https://www.tiktok.com/@salsaerwina/video/7560489976912203020;negative;
131;2025-08-31 05:48:35+00:00;zhaskarcsdia;oligarki pastinya yg nyuruh orang bayaran biar bikin keos;7;0;https://www.tiktok.com/@pitengz2.0/video/7544611963846823224;negative;
132;2025-10-14 04:18:24+00:00;hotmansiahaan497;kapan rAkyaT sadar telah ke tipu 80 tahun? masak yg dipilih memperbudak yg milih ? hai otak why begog ?;0;0;https://www.tiktok.com/@salsaerwina/video/7560489976912203020;negative;
133;2025-08-29 22:49:18+00:00;naffmhmd_0;150 Juta 😭wehh;0;0;https://www.tiktok.com/@winnews_/video/7543481561757257016;negative;
134;2025-08-28 15:53:18+00:00;kayramulu;Sebenernya ngapus dpr mah agak ga mungkin ya, malah kayanya ngga bisa tapi harusnya di regenerasi ke orang orang baru, mungkin yang lebih muda, (tapi kalo gantinya kaya si three times in a row ya sama aje);4;2;https://www.tiktok.com/@winnews_/video/7543481561757257016;neutral;
135;2025-11-07 09:20:20+00:00;user6697901622040;akur pisan uy !;0;0;https://www.tiktok.com/@salsaerwina/video/7560489976912203020;neutral;
136;2025-08-31 23:37:32+00:00;redswan769;preeettt;2;0;https://www.tiktok.com/@pitengz2.0/video/7544611963846823224;negative;
137;2025-09-01 10:49:26+00:00;ratna.sari6467;Di ig metro lg live;0;0;https://www.tiktok.com/@detikcom/video/7545059513821449473;neutral;
138;2025-08-31 12:17:16+00:00;merveille_0297;eleh komenan template lu. buzzer!;3;0;https://www.tiktok.com/@pitengz2.0/video/7544611963846823224;negative;
139;2025-08-28 06:41:11+00:00;tomatosoupncheese;kalo teriak” doang ngapain demo? kata lo rage room? tujuan demo itu buat menyuarakan keluh kesah rakyat bukan buat kerusuhan;3;0;https://www.tiktok.com/@winnews_/video/7543481561757257016;neutral;
140;2025-10-14 03:29:12+00:00;fitrahramadhani45;bu uu perampasan aset dan hukuman m'```i pelaku korup, tolong terus kawal bu;1;0;https://www.tiktok.com/@salsaerwina/video/7560489976912203020;neutral;
141;2025-09-02 05:46:43+00:00;sndshno;mulai;0;0;https://www.tiktok.com/@pitengz2.0/video/7544611963846823224;neutral;
142;2025-10-15 08:55:34+00:00;getahnangka56;Lita Gading? dilaporkan Musisi Ahmad Dani dituduh Bully Safea;0;0;https://www.tiktok.com/@salsaerwina/video/7560489976912203020;negative;
143;2025-08-28 08:35:58+00:00;scorionism;Buzzer aja di briefing lo;0;0;https://www.tiktok.com/@winnews_/video/7543481561757257016;negative;
144;2025-08-28 17:41:48+00:00;syatrialuqman;Spil pak hajiii;0;0;https://www.tiktok.com/@winnews_/video/7543481561757257016;neutral;
145;2025-08-31 07:05:27+00:00;qkunny;plisss guys jangan sampe darurat militer, ntar kita kaya myanmar segala akses dibatasi, kalian tau kan siapa aja org2 militer;11;0;https://www.tiktok.com/@pitengz2.0/video/7544611963846823224;neutral;
146;2025-08-31 22:47:06+00:00;wirabaskara6;jangan lupakan aku dek;0;0;https://www.tiktok.com/@pitengz2.0/video/7544611963846823224;neutral;
147;2025-09-02 12:47:19+00:00;itz_peachy03;dan nyeseknya, bener terjadi dong🥲 Tapi positifnya yah, org lebih berhati hati dan berfikir dulu. cuman yah, begitulah..;0;0;https://www.tiktok.com/@pitengz2.0/video/7544611963846823224;neutral;
148;2025-08-28 22:56:50+00:00;samoel.allosry;cair kah dek;150;0;https://www.tiktok.com/@winnews_/video/7543481561757257016;negative;
149;2025-08-28 13:52:44+00:00;izzul_fikri123;buktinya lu dapet duit, yakali tu duit lu nyetak sendiri tanpa bantuan pemerintah;0;0;https://www.tiktok.com/@winnews_/video/7543481561757257016;negative;
150;2025-10-13 04:57:24+00:00;slamet.widodo536;mbak salsa,tolong bantu Bu lita gading,untuk gugatan pensiunan dpt,di mk,;0;0;https://www.tiktok.com/@salsaerwina/video/7560489976912203020;negative;
151;2025-08-31 12:13:18+00:00;xyrisz3;presiden emang harusnya turun Tpi gua juga ga mau Gibran jadi presiden;5;0;https://www.tiktok.com/@pitengz2.0/video/7544611963846823224;negative;
152;2025-08-28 15:44:49+00:00;xyz_0110203;@user wkwk;0;0;https://www.tiktok.com/@winnews_/video/7543481561757257016;neutral;
153;2025-08-31 07:12:29+00:00;lfrithje;di x ada jg malah skrg buzzer;1;0;https://www.tiktok.com/@pitengz2.0/video/7544611963846823224;negative;
154;2025-09-01 10:09:22+00:00;ded000982;parah dia;1;19;https://www.tiktok.com/@detikcom/video/7545059513821449473;negative;
155;2025-08-28 06:23:25+00:00;dawet_klepon;lah itu tau klo tuntutan jelas aja bisa ga didenger, apalagi klo ga jelas? apanya yg mau didenger?;0;0;https://www.tiktok.com/@winnews_/video/7543481561757257016;negative;
156;2025-08-30 03:50:33+00:00;luorenren;tai;0;0;https://www.tiktok.com/@winnews_/video/7543481561757257016;negative;
157;2025-08-28 05:11:19+00:00;rhrtnooo23;semua rakyat juga gak setuju mas tapi pas tgl 25 kmrn emang beneran ngasal sumpah yg dateng anak anak stm yang sering tauran ibarat mah dateng cuma jadiin pelampiasan buat ngerusak fasilitas umum yang anarkis” gitu emang di sukain sama ank stm, kan kasian mereka juga masih di bawah umur😭;5;0;https://www.tiktok.com/@winnews_/video/7543481561757257016;negative;
158;2025-10-14 13:41:29+00:00;mandarin_official28;Salam Golput😁;0;0;https://www.tiktok.com/@salsaerwina/video/7560489976912203020;neutral;
159;2025-09-01 02:52:23+00:00;rubidaradewi;emang ada yg salah bela prabowo??? inget, cuma prabowo yg bersni bongkar mafia, dan koruptor;6;0;https://www.tiktok.com/@pitengz2.0/video/7544611963846823224;negative;
160;2025-08-28 15:32:10+00:00;bornn12v2;blm;1;0;https://www.tiktok.com/@winnews_/video/7543481561757257016;neutral;
161;2025-10-13 00:58:07+00:00;biee.happy;embak bantu berswara embak Lita Gading yg menyuarakan pensiunan dpr;35;5;https://www.tiktok.com/@salsaerwina/video/7560489976912203020;negative;
162;2025-09-02 10:28:49+00:00;blablaahehhe;perasaan ga ada si puan menghina rakyat deh;1;0;https://www.tiktok.com/@pitengz2.0/video/7544611963846823224;negative;
163;2025-10-13 04:25:35+00:00;user5503428561602;sukur Alhamdulillah Embak salsa membuka kan pikiran rakyat ,semoga Embak salsa sht selalu;0;0;https://www.tiktok.com/@salsaerwina/video/7560489976912203020;positive;
164;2025-08-30 03:38:44+00:00;auerons;miskin otak;3;0;https://www.tiktok.com/@winnews_/video/7543481561757257016;negative;
165;2025-08-31 03:57:50+00:00;finn_roosevelt;aduh aduh 😹;0;0;https://www.tiktok.com/@winnews_/video/7543481561757257016;negative;
166;2025-08-31 07:00:35+00:00;doubleshotsamericano;gw takut jir;516;13;https://www.tiktok.com/@pitengz2.0/video/7544611963846823224;negative;
167;2025-08-31 07:15:50+00:00;daisxsun;tolong jaga pahlawan koko kita ini ya rakyat..karna hanya rakyat yg bisa jaga, sudah tdk percaya lagi dengan pemerintah dan aparat;5;0;https://www.tiktok.com/@pitengz2.0/video/7544611963846823224;negative;
168;2025-08-30 14:17:06+00:00;usere4sxm033ke;tolollll;0;;https://www.tiktok.com/@winnews_/video/7543481561757257016;negative;
169;2025-08-29 01:12:27+00:00;rizkydwi5016;cair cair;1;0;https://www.tiktok.com/@winnews_/video/7543481561757257016;negative;
170;2025-09-01 12:05:39+00:00;tince0232;semangat... sehat2 ya ka;1;0;https://www.tiktok.com/@detikcom/video/7545059513821449473;positive;
171;2025-08-31 06:13:56+00:00;sanquiel_;padahal elu belum turun udah kek gini;1;0;https://www.tiktok.com/@pitengz2.0/video/7544611963846823224;negative;
172;2025-08-28 05:39:36+00:00;tocools_;Demo itu terstruktur kak, ngk asal 🙏🏻;54;0;https://www.tiktok.com/@winnews_/video/7543481561757257016;negative;
173;2025-08-31 16:47:44+00:00;kaptenbubur;yellowww;0;0;https://www.tiktok.com/@pitengz2.0/video/7544611963846823224;neutral;
174;2025-08-28 22:10:35+00:00;velcursion;iya begitulah kalau negara cuma busa janji lapangan kerja yang berakibat banyak pengangguran dan berdemo seperti yg lu bilang pengangguran semua, berarti negaramu gagal;0;0;https://www.tiktok.com/@winnews_/video/7543481561757257016;negative;
175;2025-08-31 07:36:01+00:00;aarashhhhh;FR, darurat militer dipaksa untuk keluar kwkw, paham lah ketika presiden pelanggar HAM +darurat militer bakal kek gmn;14;0;https://www.tiktok.com/@pitengz2.0/video/7544611963846823224;negative;
176;2025-08-28 09:10:32+00:00;userrr8882111;Lah, beda jauh bro antara ‘ngasih pendapat’ sama ‘ngasal’. Ngasih pendapat itu ada dasarnya, ada logikanya. Kalau cuma asal ceplas-ceplos tanpa fakta ya jelas orang lain anggap ngasal, bukan karena lo nggak boleh ngomong. Jadi jangan playing victim, yang salah cara lo sendiri, bukan orang lain.;5;0;https://www.tiktok.com/@winnews_/video/7543481561757257016;neutral;
177;2025-08-28 04:07:32+00:00;zeienz;emang campur aduk bjir demo nya;709;2;https://www.tiktok.com/@winnews_/video/7543481561757257016;negative;
178;2025-08-28 05:17:45+00:00;ahmad.diko4;"""tunjangan bakal di hapuskan oktober"" tapi di sah kan bulan november 😂😂😂";3;0;https://www.tiktok.com/@winnews_/video/7543481561757257016;negative;
179;2025-08-28 14:47:38+00:00;out0fzone;maksud gua gini bang, pendapat masyarakat demo ini itu adalah pendapat yg selama ini mereka pendem makanya tiba tiba semua keluar beda beda abstrak, karna mereka tahan akhirnya keluar semua waktu dpr jadi gajelas gini.;3;0;https://www.tiktok.com/@winnews_/video/7543481561757257016;negative;
180;2025-08-31 09:13:49+00:00;doni3746;makanya pak Ricky suruh DPR Anda jangan sembunyi dari rakyat. gimana mau damai dan tidak terpecah belah dalangnya aja gak mau keluar. kita memang 1 negara tapi berbeda pemikiran tiap orang;3;0;https://www.tiktok.com/@pitengz2.0/video/7544611963846823224;negative;
181;2025-08-31 19:13:17+00:00;sss.jyeon;Militer ambil ahli, ga bole keluar mlm, pculikan dmn”;0;0;https://www.tiktok.com/@pitengz2.0/video/7544611963846823224;negative;
182;2025-08-31 08:42:47+00:00;tabletoskadon;BOOSTING!! Warna kesukaan kalian apa guys?;30;26;https://www.tiktok.com/@pitengz2.0/video/7544611963846823224;neutral;
183;2025-09-01 10:37:32+00:00;omasepblur79;wah ada Ferry Irwandi cape gw.;4;0;https://www.tiktok.com/@detikcom/video/7545059513821449473;negative;
184;2025-08-28 20:40:59+00:00;grungebrexth;fix ya dungu;1;0;https://www.tiktok.com/@winnews_/video/7543481561757257016;negative;
185;2025-11-04 12:25:31+00:00;rosahendrawan7;betul sekali Ka to uang Yang bekerja,mba;0;0;https://www.tiktok.com/@salsaerwina/video/7560489976912203020;negative;
186;2025-08-31 06:49:49+00:00;pad226677;"Jangan lagi percaya pdi serta buzzernya & Mulyono serta ternak""nya ..... 10 tahun kita menderita dibawah kekuasaan mereka ✊";9;0;https://www.tiktok.com/@pitengz2.0/video/7544611963846823224;negative;
187;2025-10-13 02:16:09+00:00;resti.yani57;wow… bahaya banget tuh😩;0;0;https://www.tiktok.com/@salsaerwina/video/7560489976912203020;neutral;
188;2025-11-24 12:27:12+00:00;basri.basri.al.fi;ok👍;0;0;https://www.tiktok.com/@salsaerwina/video/7560489976912203020;positive;
189;2025-08-31 14:11:32+00:00;_meeoong_;TERUS SUARAKAN KEBENARAN;2;0;https://www.tiktok.com/@pitengz2.0/video/7544611963846823224;positive;
190;2025-10-15 04:39:07+00:00;saripadit1;trus bagai mna selanjutnya buat kita dan Negara kita yg trbaik kedepannya kak..?;1;0;https://www.tiktok.com/@salsaerwina/video/7560489976912203020;neutral;
191;2025-11-24 14:24:54+00:00;ratnasaris05;Se7 kk;0;0;https://www.tiktok.com/@salsaerwina/video/7560489976912203020;positive;
192;2025-08-31 05:30:51+00:00;y3llowlatte;sumpah iyaa guyss, dan dari semalem juga akun2 buzzer bela prabs udh pada naik banyak bgt buset;2469;52;https://www.tiktok.com/@pitengz2.0/video/7544611963846823224;negative;
193;2025-10-13 11:14:26+00:00;salsaerwina;❤️🤗;0;;https://www.tiktok.com/@salsaerwina/video/7560489976912203020;positive;
194;2025-09-01 21:53:59+00:00;wildan_ygy;buzzet lol;22;0;https://www.tiktok.com/@winnews_/video/7545130801701113106;negative;
195;2025-08-31 05:20:34+00:00;pitengz2.0;SHARE VIDEO INI STU SUARA BERARTI😭;100;0;https://www.tiktok.com/@pitengz2.0/video/7544611963846823224;positive;
196;2025-09-02 19:13:47+00:00;xnadenxx_;meninggalkan negara;0;0;https://www.tiktok.com/@winnews_/video/7545130801701113106;negative;
197;2025-08-31 05:19:19+00:00;sangat.biru;Aksi rakyat akan sangat dibatasi: - informasi dibatasi - militer turun tangan - penembakan - jam malam - dll.;237;0;https://www.tiktok.com/@pitengz2.0/video/7544611963846823224;negative;
198;2025-08-30 22:34:54+00:00;tocools_;Buzzer?;0;0;https://www.tiktok.com/@winnews_/video/7543481561757257016;negative;
199;2025-08-31 06:03:53+00:00;user1743369201940;Aaamiin ya Allah;0;0;https://www.tiktok.com/@pitengz2.0/video/7544611963846823224;positive;
200;2025-08-31 10:21:43+00:00;snoopyberriy;lu;2;0;https://www.tiktok.com/@pitengz2.0/video/7544611963846823224;neutral;
201;2025-10-13 06:31:17+00:00;gimanto51;ngomong di dalam negri.jangan di luar ngeri;0;0;https://www.tiktok.com/@salsaerwina/video/7560489976912203020;negative;
202;2025-08-28 06:04:58+00:00;abelodoonn;up;1;0;https://www.tiktok.com/@winnews_/video/7543481561757257016;positive;
203;2025-08-31 23:42:58+00:00;_emoinshin_;makanya w bilang udah kepecah kan wkwk sama-sama buzzer pada saling serang sekarang;0;0;https://www.tiktok.com/@pitengz2.0/video/7544611963846823224;negative;
204;2025-09-01 10:09:59+00:00;jessojoljkt;bang nitip, blokir live bisa blokir judol gabisa;651;11;https://www.tiktok.com/@detikcom/video/7545059513821449473;negative;
205;2025-09-01 14:56:41+00:00;nayutafker;a person who thinks all the time..;1980;22;https://www.tiktok.com/@winnews_/video/7545130801701113106;neutral;
206;2025-08-29 00:06:43+00:00;lukman.andi8;BIASA PENGGESERAN OPINI;0;0;https://www.tiktok.com/@winnews_/video/7543481561757257016;negative;
207;2025-08-28 15:48:35+00:00;oktaffotografi;sy kmaren pilih Prabowo dan sekarang nyesal, cukup 1 periode aja;7;0;https://www.tiktok.com/@winnews_/video/7543481561757257016;negative;
208;2025-08-31 08:16:43+00:00;zieskyhcun;ADILI PUAN, JANGAN LUPAKAN PUAN;187;14;https://www.tiktok.com/@pitengz2.0/video/7544611963846823224;negative;
209;2025-09-02 06:45:46+00:00;tommyalkhair;Erhh;1;0;https://www.tiktok.com/@winnews_/video/7545130801701113106;neutral;
210;2025-08-31 09:36:45+00:00;milawatiiii1;bner bangett KA kt tahan dulu nanti KA salsa udh ngehimbauu Jangan turun demoo lagii sampe tanggal 5 kalo sampe tanggal 5 blm di perosess KA salasa maju garda terdepan;1;0;https://www.tiktok.com/@pitengz2.0/video/7544611963846823224;positive;
211;2025-10-13 04:03:08+00:00;ekisubak;indonesia butuh anak muda yang berani bersuara membawa perubahan dan bisa berfikiran objektif;0;0;https://www.tiktok.com/@salsaerwina/video/7560489976912203020;positive;
212;2025-08-31 09:44:18+00:00;iyamakasih21;kalo kemarin emng masih pda keos ,tpi habis tiktok live dinonaktifkan, dan banyak yg spek up, udah pada berhenti soalnya udh gak kondusif demonya banyak yg cari panggung;5;0;https://www.tiktok.com/@pitengz2.0/video/7544611963846823224;neutral;
213;2025-10-13 02:59:32+00:00;user4773504611375;silahkan km bikin negara lain khusus komunis/ PKI;0;0;https://www.tiktok.com/@salsaerwina/video/7560489976912203020;negative;
214;2025-09-02 04:33:24+00:00;dhimascz;"klu tdk demo bagaimana mau di dengar,semua ad resiko.paling tidak kita butuh perubahan.liat bagaimana yg cm berkoar""d media sosial kebanyakan di bungkam jd satu""nya cara unjuk aksi";0;3;https://www.tiktok.com/@pitengz2.0/video/7544611963846823224;negative;
215;2025-08-31 09:44:10+00:00;beefcurryomurice;Sumpah mau tanya yg mayat dibuang ke sungai kmrn gmn lanjutan ceritanya ? Apakah reporter tvone kemarin malam skrg baik baik saja? Hilang cuy di medsos gada yg bahas;11;0;https://www.tiktok.com/@pitengz2.0/video/7544611963846823224;negative;
216;2025-10-14 09:49:34+00:00;widyzatalini;terimakasih kak buat dukungannya —tim @user;0;0;https://www.tiktok.com/@salsaerwina/video/7560489976912203020;positive;
217;2025-08-29 13:08:27+00:00;rascals.id;Mending pengangguran dari pada ente makan hasil duit haram🗿;0;0;https://www.tiktok.com/@winnews_/video/7543481561757257016;negative;
218;2025-08-31 06:18:04+00:00;kilometer131;intiny boleh pakai senjata api berupa pistol senapan dgn kata lain,, bs trjdi pembunuhan,, pertumpahan darah = perang sipil cmiiw yha guys;2;0;https://www.tiktok.com/@pitengz2.0/video/7544611963846823224;negative;
219;2025-09-01 22:27:29+00:00;imfrzzz_;Intinya jagn percaya dengan influencer dan artis manapun;92;9;https://www.tiktok.com/@winnews_/video/7545130801701113106;negative;
220;2025-08-28 15:44:28+00:00;gudjsjgj;daripada di fitnah bayaran😁😁;0;0;https://www.tiktok.com/@winnews_/video/7543481561757257016;negative;
221;2025-09-03 00:21:26+00:00;ibu.pejabat85;100 % Gue setuju pendapat elo.;0;0;https://www.tiktok.com/@winnews_/video/7545130801701113106;positive;
222;2025-09-02 04:51:50+00:00;sikocak837;di bayar berapa bang;1;2;https://www.tiktok.com/@winnews_/video/7545130801701113106;negative;
223;2025-09-01 11:19:15+00:00;kdkpna4;gak bakal di dengar bang , gue yakin , mau 5 thun demo gak bakal di dengar , palingan mereka sudah buat undang undang biar mereka aman , 😂😂😂;28;4;https://www.tiktok.com/@detikcom/video/7545059513821449473;negative;
224;2025-08-30 05:34:57+00:00;yonradiator;cair 150jt🤭;1;0;https://www.tiktok.com/@winnews_/video/7543481561757257016;negative;
225;2025-08-31 09:49:57+00:00;dyllan222;untuk sekarang emang harus balik dlu bro, takutnya ada petrus soalnya udh mulai main nembak;265;0;https://www.tiktok.com/@pitengz2.0/video/7544611963846823224;positive;
226;2025-08-31 09:46:12+00:00;yourgirlieque;masuk akal sih, sangking medsos di batasi juga ribet pasti;0;0;https://www.tiktok.com/@pitengz2.0/video/7544611963846823224;neutral;
227;2025-08-28 21:15:20+00:00;syafiq_parker;jangan asal turunkan presiden ntar yang jadi wakilmya 😌😌😌;0;1;https://www.tiktok.com/@winnews_/video/7543481561757257016;negative;
228;2025-08-29 00:44:04+00:00;akupyooo_;kak, pantes aku bingung. ini ko demi semua, trnyata demo toh😭😭😭;2;0;https://www.tiktok.com/@winnews_/video/7543481561757257016;neutral;
229;2025-11-25 08:44:50+00:00;.lindu;jokowi😂😂😂;0;0;https://www.tiktok.com/@salsaerwina/video/7560489976912203020;negative;
230;2025-08-31 07:07:41+00:00;ss61110;kekusaan dipegang niliter, militer jaga jalanan dan pembatasan kegiatan publik, kayak di kamboja bahkan ada pos militer yg hrs dilewati untuk pengecekan nungkin setiap brp km sekali;1;0;https://www.tiktok.com/@pitengz2.0/video/7544611963846823224;negative;
231;2025-08-28 05:46:32+00:00;arhzdenth;dikabulin atau dikibulin?;3;0;https://www.tiktok.com/@winnews_/video/7543481561757257016;negative;
232;2025-08-28 04:52:36+00:00;kizzzumi;Gimana nga campur aduk masalahnya aja beragam;12508;27;https://www.tiktok.com/@winnews_/video/7543481561757257016;negative;
233;2025-08-29 02:28:36+00:00;adityafadhlul;tapi harusnya lo tau sih keresahan kita sama, indonesia butuh pemerintahaan yang lebih baik;2;0;https://www.tiktok.com/@winnews_/video/7543481561757257016;neutral;
234;2025-11-02 13:54:37+00:00;curam791;sudah ngak feel;0;0;https://www.tiktok.com/@salsaerwina/video/7560489976912203020;negative;
235;2025-08-31 09:07:15+00:00;ferdosan;geng solo;3;0;https://www.tiktok.com/@pitengz2.0/video/7544611963846823224;negative;
236;2025-08-31 06:45:40+00:00;ifeelkyu_kurarin;sybau pls🥀;0;0;https://www.tiktok.com/@pitengz2.0/video/7544611963846823224;negative;
237;2025-08-31 08:55:37+00:00;edwarudin21;konoha gamau di pimpin smaa orang yg pinter dan tegass , pasti yg pinter selalu ingin di singkirkan;1;0;https://www.tiktok.com/@pitengz2.0/video/7544611963846823224;negative;
238;2025-08-31 07:53:13+00:00;theoomcr;cieee cairr nii;24;0;https://www.tiktok.com/@pitengz2.0/video/7544611963846823224;negative;
239;2025-08-30 02:59:57+00:00;ahnifn0151;cair cair cair cair 💸💸💸💸💵💵💵💵💵;1;0;https://www.tiktok.com/@winnews_/video/7543481561757257016;negative;
240;2025-10-13 14:15:34+00:00;tokosule;pemilu depan jgn ksh suara partai mak lampir😂;0;0;https://www.tiktok.com/@salsaerwina/video/7560489976912203020;negative;
241;2025-08-31 07:54:06+00:00;manjadahwahpasrah;gaji dan tunjangan dpr gak bisa naik kalau tidak ada tandatangan presiden. masih bela presiden?;34;0;https://www.tiktok.com/@pitengz2.0/video/7544611963846823224;negative;
242;2025-08-31 05:17:49+00:00;tincakweh;BANG HATI HATIIII, KABARIN TERUS KABAR LUUU;5157;8;https://www.tiktok.com/@pitengz2.0/video/7544611963846823224;positive;
243;2025-08-31 16:46:51+00:00;moms.shopping.therapy;Betul bang strtegi melawan mafia dulu sambil beri pemerintah kesempatan ambil keputusan, jangan sampe keputusannya malah darurat militer;4;0;https://www.tiktok.com/@pitengz2.0/video/7544611963846823224;neutral;
244;2025-10-13 05:06:28+00:00;irma.suryani019;artiss masuk anggota dewan karna populer;0;0;https://www.tiktok.com/@salsaerwina/video/7560489976912203020;negative;
245;2025-08-29 06:26:23+00:00;cyberdexz;Tuntutannya banyak dan campur aduk wajar lah, problem yg mereka bikin aja banyak;1;1;https://www.tiktok.com/@winnews_/video/7543481561757257016;negative;
246;2025-10-20 09:48:54+00:00;waras.69_;kl politik negri ini msh sj kotor msh akan ttp golput msh sabar menunggu poli tikus yg bnr² bersih;0;0;https://www.tiktok.com/@salsaerwina/video/7560489976912203020;negative;
247;2025-09-01 02:18:39+00:00;1000gr3;bener kakak cerdas, kita di adu domba sama aparat di lapangan, bahkan saling menyakiti sampe ada yg terbun*h,mereka mantau dr atas kalau sukses mereka yg naik, please jgn mau di adu domba, stay save;0;0;https://www.tiktok.com/@pitengz2.0/video/7544611963846823224;positive;
248;2025-08-29 07:50:55+00:00;notmyrii_;ngasalll blokk;0;0;https://www.tiktok.com/@winnews_/video/7543481561757257016;negative;
249;2025-08-31 07:03:36+00:00;rhapsodyou;PRETT;0;0;https://www.tiktok.com/@pitengz2.0/video/7544611963846823224;negative;
250;2025-09-03 15:10:17+00:00;ariiqmllana;Kita butuh L;0;0;https://www.tiktok.com/@winnews_/video/7545130801701113106;neutral;
251;2025-08-29 21:51:05+00:00;ksytmm;Gess.. Masih banyak yang belum tau Rencana Prabowo Subianto, Banyak yang bilang kenapa presiden/pak Prabowo Subianto tidak membubar kan DPR, Prabowo bukan tidak mau membubarkan tetapi,, prabowo susah membubarkan DPR karna uu sekarang sudah di rubah, kalo Prabowo melakukan nya nanti nasip Prabowo seperti Gus Dur dilengserkan, sebenarnya niat Prabowo sama seperti gus dur cuma cara Prabowo berbeda karna UU ny beda, lihat Indonesia sekarang seperti apa itu adalah cara Prabowo untuk bisa mendapatkan persetujuan rakyat untuk membubarkan DPR, dengan cara menaikan gaji DPR biar rakyat semakin panas dan rakyat melaporkan ke Prabowo untuk membubarkan DPR, jika Prabowo sudah mendapatkan persetujuan rakyat, Prabowo bisa mengeluarkan dekrit dan membubarkan DPR dengan mudah, cuman rakyat banyak yang tidak tau niat pak Prabowo apa , saya yakin dengan cara itu Indonesia akan maju di tangan Prabowo,dan jika kalian bertanya Kenapa presiden tidak menanggapi soal demo karna presiden menunggu persetujuan rakyat, bukan pak Prabowo sengaja tidak melihat dan mendengar soal demo, dengan terjadinya demo ini niat Prabowo untuk membubarkan DPR sudah mulai berjalan sesuai rencana Prabowo, cuman belum semua rakyat Indonesia tau kalo ini adalah rencana Prabowo,,, saya yakin 100% Indonesia akan maju di tangan Prabowo Subianto;2;0;https://www.tiktok.com/@winnews_/video/7543481561757257016;negative;
252;2025-11-27 08:55:35+00:00;user6628297610163;permisi mbak ya kebiasaan yang terjadi karna mani politik;0;0;https://www.tiktok.com/@salsaerwina/video/7560489976912203020;negative;
253;2025-09-01 14:38:55+00:00;irwan.irwan4355;iyaaaaaaaa;0;0;https://www.tiktok.com/@detikcom/video/7545059513821449473;neutral;
254;2025-08-31 09:36:35+00:00;iyamakasih21;udah kondusif;1;0;https://www.tiktok.com/@pitengz2.0/video/7544611963846823224;positive;
255;2025-08-31 09:55:49+00:00;tentyten10_0;pulang dulu! Mandi, makan, tidur. Pulang bukan kekalahan, pulang adalah untuk beristirahat. Perjuangan kita masih panjang.;5;0;https://www.tiktok.com/@pitengz2.0/video/7544611963846823224;positive;
256;2025-08-28 08:53:46+00:00;fafafafa_66;buka begitu pea,lu kalo mau menyampaikan pendapat jug ad aturannya ada penanggung jawab ada pemimpin ny;0;0;https://www.tiktok.com/@winnews_/video/7543481561757257016;negative;
257;2025-08-31 09:06:07+00:00;ida.nh2;belajar dari Gus Dur ketika diimpeachmen;1;;https://www.tiktok.com/@pitengz2.0/video/7544611963846823224;negative;
258;2025-08-29 23:19:38+00:00;coffelatte1223;buzzer pemerintah ini;51;4;https://www.tiktok.com/@winnews_/video/7543481561757257016;negative;
259;2025-08-28 05:07:16+00:00;flexy.i;masalah beragam tapi terstruktur lah, lu kira demo 1998 orang cmn modal kesel terus truun ke jalan? kaga lah orang di planning dulu gimana jalan nya nanti😹;143;0;https://www.tiktok.com/@winnews_/video/7543481561757257016;negative;
260;2025-10-14 01:05:37+00:00;silasukaesmangga;Kak Salsa. Terimakasih atas suaranya yg mewakili rakyat. semoga kedepannya ada jalan terang dan bisa berbebah untuk indonesia kelak. karena indonesia punya kita dan generasi2 penerus.;2;1;https://www.tiktok.com/@salsaerwina/video/7560489976912203020;positive;
261;2025-10-14 09:49:21+00:00;widyzatalini;terimakasih buat dukungannya kak —tim @user;0;0;https://www.tiktok.com/@salsaerwina/video/7560489976912203020;positive;
262;2025-10-13 00:15:05+00:00;racaysyam;bukan salah golput nya tapi salah sistem nya kocak nih;1;0;https://www.tiktok.com/@salsaerwina/video/7560489976912203020;negative;
263;2025-08-31 05:19:08+00:00;yourgirlieque;di Surabaya juga tambah parahh pls doain Indonesia membaik 😞;614;11;https://www.tiktok.com/@pitengz2.0/video/7544611963846823224;neutral;
264;2025-09-01 22:08:23+00:00;nasibebek1782;dari kmren juga aman lancar kok,yg ga lancar itu otak2 yg mau memanfaatkan situasi dan memecah rakyat;0;0;https://www.tiktok.com/@detikcom/video/7545059513821449473;negative;
265;2025-09-01 07:26:16+00:00;romzzlo;kan enak dapet duit+gada orang yg oercaya😹🗿;1;0;https://www.tiktok.com/@pitengz2.0/video/7544611963846823224;negative;
266;2025-08-28 07:47:40+00:00;qwerts0_;ngapa narasi nya dari awal ga bubarin isi dpr? kenapa harus bubarin dpr? kan dpr nya gasalah yang salah isinya, demo itu bagus tapi harus tau yang jadi masalah nya apa;0;0;https://www.tiktok.com/@winnews_/video/7543481561757257016;negative;
267;2025-08-28 15:20:06+00:00;rafaa4putra;UP OJOLL !!!;5;0;https://www.tiktok.com/@winnews_/video/7543481561757257016;positive;
268;2025-08-28 16:33:15+00:00;sagarab0y;iyaa itu urusan dpr nyaa bukan aparat nyaa;0;0;https://www.tiktok.com/@winnews_/video/7543481561757257016;neutral;
269;2025-10-13 13:06:25+00:00;nenknefi;kak buka inbok aku kak,,, kami butuh bantuan seperti kaka... 😭;0;0;https://www.tiktok.com/@salsaerwina/video/7560489976912203020;positive;
270;2025-08-31 18:26:33+00:00;urtikhaananty0;benerr;0;0;https://www.tiktok.com/@pitengz2.0/video/7544611963846823224;positive;
271;2025-09-01 10:16:48+00:00;rizqyifqiya;ini kapan live tik tok di buka sih,gua kangen org live bjirrrr,gua juga pengen tau kabar yg demo😭😭😭😭😭;186;8;https://www.tiktok.com/@detikcom/video/7545059513821449473;neutral;
272;2025-10-13 04:23:11+00:00;putrajagai;Semoga perjuangan yg sudah di perjuangkan itu berlanjut terus untuk mendapatkan keputusan yg terbaik untuk Indonesia akan datang,;0;0;https://www.tiktok.com/@salsaerwina/video/7560489976912203020;positive;
273;2025-08-30 14:34:53+00:00;bijiterbelah;pernyataan nya netral, nggk memihak pihak manapun. karna si pembuat video cuman mengajak pemirsa buat berdiskusi dengan melemparkan pertanyaan terbuka. udah itu aja bang moga mudah dipahami.;0;0;https://www.tiktok.com/@winnews_/video/7543481561757257016;neutral;
274;2025-09-03 10:40:12+00:00;titi16904;semoga Allah memberi perlindunga warnga Indonesia aamiin 😇❤️❤️🙏🙏;1;0;https://www.tiktok.com/@detikcom/video/7545059513821449473;positive;
275;2025-10-17 00:58:53+00:00;mohamadhendrapugu8;setuju mantap Mbak;0;0;https://www.tiktok.com/@salsaerwina/video/7560489976912203020;positive;
276;2025-10-15 14:02:54+00:00;selamat.wahyudi57;betul kak, DPR harus di riset ulang yg kapebel. yg ber, empati, bermoral., yg peduli rakyat.;0;0;https://www.tiktok.com/@salsaerwina/video/7560489976912203020;positive;
277;2025-08-31 08:57:25+00:00;doni3746;itu artinya kalah. karena memberikan mereka waktu juga;2;0;https://www.tiktok.com/@pitengz2.0/video/7544611963846823224;neutral;
278;2025-08-31 08:57:17+00:00;blueismyfavoriteover;politik bener bener gelap sih😭 bener kata ortu gk usah masuk dunia politik kalau mau aman🥲 takut banget;0;0;https://www.tiktok.com/@pitengz2.0/video/7544611963846823224;negative;
279;2025-08-31 08:51:07+00:00;user8174999559924;yes. pelakunya sama 😂;0;0;https://www.tiktok.com/@pitengz2.0/video/7544611963846823224;negative;
280;2025-08-31 05:52:00+00:00;rizky.septiansyah09;seperti jhon f kenedy, yang kasus dolar kalau engga salah saya pernah liat videonya. di D0R karena ganggu sistem dolar USA.;0;0;https://www.tiktok.com/@pitengz2.0/video/7544611963846823224;negative;
281;2025-09-01 16:23:03+00:00;smlynibs;"Tapi emang saat ini harus skeptis dari seluruh informasi yang ada, mau dari influencer manapun itu, karena sekarang mereka mainnya dengan ngontrol persepsi masyarakat. Kayak tiba"" ada yang ngomong ""siapapun yang ngadain demo pada 1 September itu bukan dari golongan masyarakat, melainkan provokator"", kan bisa aja dari kalimat itu, hampir sama dampaknya dengan campaign Indonesia damai 150jt kan? karna pada akhirnya orang takut buat demo, biar ga dikira provokator... Tapi balik lagi dengan pembahasan gua diawal, yaitu selalu skeptis dengan semua informasi, mau darimana pun itu datangnya..";23;0;https://www.tiktok.com/@winnews_/video/7545130801701113106;positive;
282;2025-10-13 00:11:43+00:00;femi.rusyid;susah juga kalo yg menentukan wakilnya dewanya adalah partai bukan rakyat mba😄;1;1;https://www.tiktok.com/@salsaerwina/video/7560489976912203020;negative;
283;2025-08-31 07:36:03+00:00;pororo0485;TEMPLATE GUYSSS;1;0;https://www.tiktok.com/@pitengz2.0/video/7544611963846823224;negative;
284;2025-09-02 06:03:02+00:00;techvalid2;buzzer itu bisa dua : 1.pengrusuh 2. Pura-pura baik, ngomong nya seperti membela, seperti memundurkan kalian, dan sebagainya dah, intinya hati-hati. tetap demo dengan kondusif ya kawan-kawan;0;0;https://www.tiktok.com/@pitengz2.0/video/7544611963846823224;neutral;
285;2025-11-04 11:42:40+00:00;suparman.real;manrabbb mbk salsa;0;0;https://www.tiktok.com/@salsaerwina/video/7560489976912203020;positive;
286;2025-11-07 04:50:01+00:00;firdaususus45;males milih;0;0;https://www.tiktok.com/@salsaerwina/video/7560489976912203020;negative;
287;2025-10-13 00:27:27+00:00;salsaerwina;Makasih ❤;0;0;https://www.tiktok.com/@salsaerwina/video/7560489976912203020;positive;
288;2025-09-01 15:11:58+00:00;piggymenggokil;wait, bener juga;85;0;https://www.tiktok.com/@winnews_/video/7545130801701113106;neutral;
289;2025-10-13 03:40:16+00:00;inimimi9583;itu aku, setiap pemilihan aku cuma rusak surat suara. karna gak taw harus gimana. karna gak maw milih sama sekali;0;0;https://www.tiktok.com/@salsaerwina/video/7560489976912203020;negative;
290;2025-10-14 12:35:31+00:00;ali.25466;hidup kakak;0;0;https://www.tiktok.com/@salsaerwina/video/7560489976912203020;positive;
291;2025-08-31 08:50:54+00:00;eri218209424;bner plis karna nyawa jdi taruhan nya takut bgt bnyk korban nya;99;0;https://www.tiktok.com/@pitengz2.0/video/7544611963846823224;neutral;
292;2025-08-30 15:45:46+00:00;zhrdwiandn;cair cair;1;1;https://www.tiktok.com/@winnews_/video/7543481561757257016;negative;
293;2025-08-31 07:34:57+00:00;ayeshasalsabora;aq demo kali ni males ngikuti karna demo kali ni ada yg memanfaatkn;14;0;https://www.tiktok.com/@pitengz2.0/video/7544611963846823224;negative;
294;2025-10-13 00:26:11+00:00;salsaerwina;❤;0;0;https://www.tiktok.com/@salsaerwina/video/7560489976912203020;positive;
295;2025-11-14 11:35:44+00:00;jionojiono254gmai;kak salsa semoga sehat selalu;0;0;https://www.tiktok.com/@salsaerwina/video/7560489976912203020;positive;
296;2025-09-01 23:02:13+00:00;senimemahamigemini;Tapi gue bangga sama mayoritas kita yang udah pinter memilah informasi 🔥;13;0;https://www.tiktok.com/@winnews_/video/7545130801701113106;positive;
297;2025-11-09 16:51:45+00:00;kurman.haidi;embak mewakili rakyat kecil amiin;0;0;https://www.tiktok.com/@salsaerwina/video/7560489976912203020;positive;
298;2025-09-01 00:29:54+00:00;tjin80;Yg jelas pelaku anarkis ini mau menjatuhkan Presiden, Rakyat ingat jgn terprovokasi untuk mengikuti kemauan mereka untuk mengkudeta Presiden. Kasih waktu Presiden untuk mencari dalang semua ini. Tuntutan Rakyat hanya sesuai dengan dibuat Salsa. Dan jgn ikut anarkis, tangkap pelaku anarkis.;2;0;https://www.tiktok.com/@pitengz2.0/video/7544611963846823224;negative;
299;2025-08-31 09:14:30+00:00;mamamudamenolaktua_;kak, mash demo kah harii inii?? soalnyaa vt demo udah gak adaaa😌;1;0;https://www.tiktok.com/@pitengz2.0/video/7544611963846823224;neutral;
300;2025-08-28 16:16:00+00:00;ad1iii_;bener, pengangguran t0I0I semua, mahasiswa aja sedikit yg demo kebanyakan siswa sma yg tawuran hadeh;0;0;https://www.tiktok.com/@winnews_/video/7543481561757257016;negative;
301;2025-08-31 22:59:59+00:00;say.hi198;Yg polis bisa bebas merampas tnp adanya surat bs jg pemerkaos dmn mn dan pejabat makin tebal hukum nyinggung politik dikit d dorrrr itu lh jgn smpe darurat militer;0;0;https://www.tiktok.com/@pitengz2.0/video/7544611963846823224;negative;
302;2025-08-31 23:18:22+00:00;miiirissss;kurang lebih seperti itu;1;0;https://www.tiktok.com/@pitengz2.0/video/7544611963846823224;neutral;
303;2025-09-01 20:15:03+00:00;wowo_sigma02;sdm rendah;0;0;https://www.tiktok.com/@pitengz2.0/video/7544611963846823224;negative;
304;2025-08-31 07:31:42+00:00;jinz.id;Konteks dpr malah jadi wakil presiden yang kena;74;12;https://www.tiktok.com/@pitengz2.0/video/7544611963846823224;negative;
305;2025-10-13 01:30:31+00:00;nyimasmaryam4;Dik salsa , tolong dukung Dr lita Gading menyuarakan hapus dana pensiun DPR;3;0;https://www.tiktok.com/@salsaerwina/video/7560489976912203020;neutral;
306;2025-09-02 01:47:40+00:00;aisya5628;semangat dek suarakan lewat media ,. Jaga diri kalian dan keluarga;2;0;https://www.tiktok.com/@pitengz2.0/video/7544611963846823224;positive;
307;2025-10-30 10:25:43+00:00;milaneadi348;coba suar tentang kreta cepat,,gmn suara menurut mu;0;0;https://www.tiktok.com/@salsaerwina/video/7560489976912203020;neutral;
308;2025-11-06 01:16:44+00:00;onihxarmila;maju trus kk salsa;0;0;https://www.tiktok.com/@salsaerwina/video/7560489976912203020;positive;
309;2025-08-31 05:35:19+00:00;lfrithje;dh pada turun tangan buzzer hari ini bg bahkan post tiktok yg baru pun lgsg didatengin ama mereka;81;2;https://www.tiktok.com/@pitengz2.0/video/7544611963846823224;negative;
310;2025-08-29 04:09:00+00:00;user834011154;justru dari berbagai tuntutan yang beragam itu berarti pendemo datang dengan hati nurani tanpa adanya latar belakang elit politik;3;0;https://www.tiktok.com/@winnews_/video/7543481561757257016;negative;
311;2025-08-31 07:14:45+00:00;violettasatoru;sama;0;0;https://www.tiktok.com/@pitengz2.0/video/7544611963846823224;neutral;
312;2025-09-01 11:58:49+00:00;adele14794;Bang kyk cape banget kurang tidur.. semangat2;4;0;https://www.tiktok.com/@detikcom/video/7545059513821449473;positive;
313;2025-10-13 03:20:13+00:00;mbahkliwon227;gombal .....;0;0;https://www.tiktok.com/@salsaerwina/video/7560489976912203020;negative;
314;2025-10-13 02:59:56+00:00;indartiutami_;karena walaupun memilih yg bagus bagus yg nongkrong ya orang orang itulah.;0;0;https://www.tiktok.com/@salsaerwina/video/7560489976912203020;neutral;
315;2025-09-01 02:50:14+00:00;sweetcandy07_;palingan geng solo sm simerah. merah mah klw ngga megang pemerintah pasti ricuk;0;0;https://www.tiktok.com/@pitengz2.0/video/7544611963846823224;negative;
316;2025-09-03 00:58:47+00:00;teslaalgebra;KIM PLUS (ternak wowo) ngisi 470 kursi dari 580 kursi di dpr, JADI DPR ISINYA MAYORITAS TERNAK WOWO, BERANI GAK SAHIN RUU PERAMPASAN ASET? 🤣;1;0;https://www.tiktok.com/@pitengz2.0/video/7544611963846823224;negative;
317;2025-08-31 11:30:20+00:00;nianoi;itu kmrn mlm. hari ini Tunjungan Plaza udah normal lg. bsk aku tugas katering karyawan disana juga. udah mulai kondusif sby.;1;0;https://www.tiktok.com/@pitengz2.0/video/7544611963846823224;neutral;
318;2025-08-31 09:08:45+00:00;amh1506;preeeett;3;0;https://www.tiktok.com/@pitengz2.0/video/7544611963846823224;negative;
319;2025-09-01 12:40:52+00:00;nitsirk_08;mantap Andovi 👏👏👏👏;1;0;https://www.tiktok.com/@detikcom/video/7545059513821449473;positive;
320;2025-08-31 13:17:42+00:00;user5448814592354;Skenario terberatnya bisa kek 1989 TS di china;0;0;https://www.tiktok.com/@pitengz2.0/video/7544611963846823224;negative;
321;2025-10-13 00:07:22+00:00;mie_crg;kak 🥰🥰🥰;2;1;https://www.tiktok.com/@salsaerwina/video/7560489976912203020;neutral;
322;2025-08-29 20:07:34+00:00;yogiaj11;Bikin gaji dpr 3 jt satu bulan tanpa tunjangan ap pun, gi mana mau jadi wakil rakyat kalo gak bisa rasakan jadi rakyat yg gaji di bawah 5 jt perbulan!!!!;1;1;https://www.tiktok.com/@winnews_/video/7543481561757257016;neutral;
323;2025-11-11 03:35:32+00:00;nonooooo451;mbak salsa tolong saudara kita yang ada di Pati mas botok dan pak teguh yg di tahan sama polisi;0;0;https://www.tiktok.com/@salsaerwina/video/7560489976912203020;neutral;
324;2025-09-01 20:56:12+00:00;joqtker;1. 17+8 2. boleh demo tpi, lebih baik di lakukan di bawah jam 9/11 malam harus bubar. mau nunggu apa? DPR? pemerintah? udh tidur nyenyak di rumah 3. transparansi 4. bersyuara walau hanya di social media;21;0;https://www.tiktok.com/@winnews_/video/7545130801701113106;negative;
325;2025-08-28 05:58:18+00:00;out0fzone;waktu diem ga diladenin pas akhirnya bersuara malah di blg ngasal emg ga dibolehin ngasih pendapat;65;4;https://www.tiktok.com/@winnews_/video/7543481561757257016;negative;
326;2025-09-01 18:35:25+00:00;andprsd;malam ini Unpas diserang isilop cokk;928;23;https://www.tiktok.com/@winnews_/video/7545130801701113106;negative;
327;2025-10-13 01:58:39+00:00;valensiwa;kak tolong suarakan uuD perampasan aset..biar cepat di sahkan..skarang udh ngk ada kabar lagi hilang..pada senyap kak;9;1;https://www.tiktok.com/@salsaerwina/video/7560489976912203020;positive;
328;2025-08-29 02:09:01+00:00;rkhaajr;yg mukanya bedarah bukan??;0;0;https://www.tiktok.com/@winnews_/video/7543481561757257016;negative;
329;2025-10-14 15:12:46+00:00;ainicantika6;betul betul;0;0;https://www.tiktok.com/@salsaerwina/video/7560489976912203020;positive;
330;2025-08-30 00:09:18+00:00;.lollllll_0;up;0;0;https://www.tiktok.com/@winnews_/video/7543481561757257016;positive;
331;2025-11-06 06:25:56+00:00;sarifmaulana85;hebat;0;0;https://www.tiktok.com/@salsaerwina/video/7560489976912203020;positive;
332;2025-08-30 06:14:46+00:00;ddy.alla;benul;0;0;https://www.tiktok.com/@winnews_/video/7543481561757257016;positive;
333;2025-08-31 23:22:46+00:00;pe4ce123;riza chalid tuhh, kok genk solo mafia segede itu gilak;1;0;https://www.tiktok.com/@pitengz2.0/video/7544611963846823224;negative;
334;2025-08-28 16:48:23+00:00;mofila_;bahkan ampe bingung mau ijut yang demo daerah mana wkwkwk;2;0;https://www.tiktok.com/@winnews_/video/7543481561757257016;negative;
335;2025-10-13 04:23:41+00:00;mulissaputraa;kalau ada calon yg punya kapabilitas tinggi dan populer dikalangan masyarakat , harusnya calon tersebut berani maju lewat jalur independen 😉;0;0;https://www.tiktok.com/@salsaerwina/video/7560489976912203020;negative;
336;2025-09-02 10:14:46+00:00;user19325569193386;iya dek semangat anak muda;0;2;https://www.tiktok.com/@pitengz2.0/video/7544611963846823224;positive;
337;2025-10-21 08:36:09+00:00;m.raihan13;Ga juga neng, sepertinya gampang banget... faktanya mereka terpilih karena duit, elo ke sini deh klo mw liat fakta lapangan.;0;0;https://www.tiktok.com/@salsaerwina/video/7560489976912203020;negative;
338;2025-09-03 03:25:48+00:00;mamae3aaa;sehat2 bang 👍👍🤲🤲🤲;0;0;https://www.tiktok.com/@detikcom/video/7545059513821449473;positive;
339;2025-09-01 10:35:17+00:00;cadangan.saja73;fyp demo hari ini ILANG SEMUA ANJJJJ;722;15;https://www.tiktok.com/@detikcom/video/7545059513821449473;negative;
340;2025-08-28 05:14:05+00:00;account13482987271;Betulll wkwk terlalu banyak problem yang di bikin ini pemerintah jadinya bingung mau nuntut apa tuh harusnya malu itu yang bilang “ga realistis”,”demo ga jelas”;64;0;https://www.tiktok.com/@winnews_/video/7543481561757257016;negative;
341;2025-10-13 07:04:58+00:00;mntoe1;pertanyaan apa kpu jujur tetapkannya. berapa minimal suara bisa jadi anggota.;0;0;https://www.tiktok.com/@salsaerwina/video/7560489976912203020;negative;
342;2025-09-01 10:54:15+00:00;eta32060;semangat;0;0;https://www.tiktok.com/@detikcom/video/7545059513821449473;positive;
343;2025-08-31 12:17:53+00:00;merveille_0297;klo ky statemen lu, bukan puan yg jd ketua dpr malih;0;0;https://www.tiktok.com/@pitengz2.0/video/7544611963846823224;negative;
344;2025-08-30 11:30:26+00:00;ultraman.bockap;aslinya miliaran perbulan bro;0;0;https://www.tiktok.com/@winnews_/video/7543481561757257016;negative;
345;2025-10-18 03:21:30+00:00;ybee096;masalahnya semua gak layak pilih;0;0;https://www.tiktok.com/@salsaerwina/video/7560489976912203020;negative;
346;2025-09-01 23:58:47+00:00;renslowsky;akal akalan barat;1;3;https://www.tiktok.com/@winnews_/video/7545130801701113106;negative;
347;2025-09-01 16:57:07+00:00;raeedaijobou;fyp anime ku hilang semua rekk;69;13;https://www.tiktok.com/@winnews_/video/7545130801701113106;neutral;
348;2025-08-31 11:28:09+00:00;fa_al156;sama si em;0;0;https://www.tiktok.com/@pitengz2.0/video/7544611963846823224;neutral;
349;2025-08-31 08:47:36+00:00;xxihateureal;SOLO GANK;0;0;https://www.tiktok.com/@pitengz2.0/video/7544611963846823224;neutral;
350;2025-08-31 13:28:01+00:00;aullll9348;kak aku bukan buzzer tp sekalipun kecewa sama pak prabowo tapi jgn sampai presiden lengser gak kebayang kalo negri kita di pimpin gibran;21;0;https://www.tiktok.com/@pitengz2.0/video/7544611963846823224;negative;
351;2025-08-29 01:31:26+00:00;hmzaya0;mak lu lc😹;0;0;https://www.tiktok.com/@winnews_/video/7543481561757257016;negative;
352;2025-08-28 06:38:54+00:00;dawet_klepon;ya emang ngasal, ga terstruktur;11;0;https://www.tiktok.com/@winnews_/video/7543481561757257016;negative;
353;2025-10-13 00:29:26+00:00;salsaerwina;Setuju kak 💪 semoga ke depan ada jalur independen biar rakyat bisa pilih pemimpin yang benar-benar murni dari hati 🙏;6;0;https://www.tiktok.com/@salsaerwina/video/7560489976912203020;positive;
354;2025-10-21 14:09:29+00:00;rosdiana.situmora4;betul kita jangan golput;0;0;https://www.tiktok.com/@salsaerwina/video/7560489976912203020;positive;
355;2025-08-31 06:39:09+00:00;ukkingdom99;karena ada kebaikan gak buat kesalahan jadi benar blok;0;0;https://www.tiktok.com/@pitengz2.0/video/7544611963846823224;negative;
356;2025-10-13 12:00:42+00:00;user2886703668431;betul skali mbk.kita coblos yg betul2 bisa diper juangkan;0;0;https://www.tiktok.com/@salsaerwina/video/7560489976912203020;positive;
357;2025-08-31 10:07:56+00:00;putt.tih;"aku juga mikir gitu,manas""in agar demo semisal demo jangka panjang+ricuh pasti yg kena itu presiden bukan dpr dpr ttp aman";5;0;https://www.tiktok.com/@pitengz2.0/video/7544611963846823224;negative;
358;2025-08-31 08:51:11+00:00;blueismyfavoriteover;maaf belum ke baca kesitu, aku baru baca pas gusdur dilengserkan aja, dia bilang megawati sama amin rais.;0;0;https://www.tiktok.com/@pitengz2.0/video/7544611963846823224;negative;
359;2025-08-31 11:07:09+00:00;fashasedunia_;eh ini udah ada Petrus kah?, tadi gua liat video itu tempat demo nya listrik nya dimatiin. ngeri ada Petrus jir💀;7;3;https://www.tiktok.com/@pitengz2.0/video/7544611963846823224;negative;
360;2025-08-28 04:34:07+00:00;erlan__12;demo kemaren emng gajelas karna mereka dateng karna keinginan mereka sndri ngeliat pemerintahan yg udh bobrok banget, sisi positifnya masih bnyak masyarakat yg peduli sama NKRI, banyak yg diwakiki aspirasinya, seengganya pemerintah tau kalo masyrakat gabakalan tinggal diem dan pemerintah gabisa seenaknya buat aturan.;4;0;https://www.tiktok.com/@winnews_/video/7543481561757257016;negative;
361;2025-08-29 02:09:42+00:00;rkhaajr;kurang tau deh bre, semoga aja di cari klo ga ya kasi yg setimpal;1;0;https://www.tiktok.com/@winnews_/video/7543481561757257016;neutral;
362;2025-09-01 15:38:08+00:00;rennjps;Wibu dongo;0;0;https://www.tiktok.com/@pitengz2.0/video/7544611963846823224;negative;
363;2025-08-28 05:43:29+00:00;qwerts0_;ya demo ruu perampasan aset nya di kencengin lah kemaren ada yang nuntut bubarin dpr, presiden suruh mundur apaan anjir dah beda fokus;0;0;https://www.tiktok.com/@winnews_/video/7543481561757257016;negative;
364;2025-09-01 18:52:32+00:00;seo.helma;ka tolonggg ini kampus unpas dan unisba diserang polisi sampe area kampus;39;5;https://www.tiktok.com/@winnews_/video/7545130801701113106;negative;
365;2025-09-01 06:09:34+00:00;rzkinaaaaa;demo 98 juga gk berjalan lancar,banyak provokator yg menjadikan demo anarkis menjadikan tragedi kelam;0;0;https://www.tiktok.com/@winnews_/video/7543481561757257016;negative;
366;2025-08-31 10:40:39+00:00;takahiromoriuchi88;pdhl udh terstruktur ini bahaya ntr pasti wakilnya naik;0;0;https://www.tiktok.com/@pitengz2.0/video/7544611963846823224;negative;
367;2025-08-28 04:47:11+00:00;butahatimatirasa;itu bukan demo tapi kampanye yg diketuai abah abah;4;0;https://www.tiktok.com/@winnews_/video/7543481561757257016;negative;
368;2025-08-28 07:05:39+00:00;disintegratedkid;Kamisan damai tuh didengerin ga;8;0;https://www.tiktok.com/@winnews_/video/7543481561757257016;negative;
369;2025-08-28 05:35:09+00:00;brlynbayu;kasih dalil dong;0;0;https://www.tiktok.com/@winnews_/video/7543481561757257016;neutral;
370;2025-08-28 06:22:33+00:00;dawet_klepon;rata² orang indo begini ya? wkwkwk, klo ada yg nentang sesuatu dari sisi pendemo (walaupun itu beneran salah disisi pendemo) , pasti dianggap berpihak ke sisi DPR wkwk;94;0;https://www.tiktok.com/@winnews_/video/7543481561757257016;negative;
371;2025-10-17 11:57:56+00:00;josafat.gultom;lanjut trs itoku.;0;0;https://www.tiktok.com/@salsaerwina/video/7560489976912203020;positive;
372;2025-10-16 09:52:49+00:00;elih.malihah2;mbak salsa KLO ada pemilihan lagi tahun depan mbak salsa harus menujukan orang orang yg mempunyai berkapabilitas biar rakyat GK kecewa lagi.;0;0;https://www.tiktok.com/@salsaerwina/video/7560489976912203020;positive;
373;2025-08-28 17:13:44+00:00;dikiiibaikkbanget;sebenarnya banyak yang harus dintuntut jir;2;0;https://www.tiktok.com/@winnews_/video/7543481561757257016;neutral;
374;2025-08-29 05:15:56+00:00;the_nuren;dihapuskan dari mata publik tapi masih tetep ada dan dirasakan oleh DPR itu sendiri itulah dunia bawah tanah;1;0;https://www.tiktok.com/@winnews_/video/7543481561757257016;negative;
375;2025-10-20 22:54:17+00:00;arif.setyawan06;𝓼𝓮𝓶𝓸𝓰𝓪 𝓴𝓪𝓶𝓾 𝓳𝓪𝓭𝓲 𝓹𝓮𝓷𝓮𝓰𝓪𝓴 𝓘𝓷𝓭𝓸𝓷𝓮𝓼𝓲𝓪 𝔂𝓰 𝓴𝓾𝓪𝓽, 𝓭𝓪𝓻𝓲 𝓭𝓮𝓶𝓸 𝓶𝓪𝓼𝓼𝓪, 𝓪𝓴𝓾 𝓵𝓲𝓱𝓪𝓽 𝓼𝓮𝓶𝓾𝓪 𝓵𝓲𝓿𝓮𝓶𝓾, 𝓼𝓮𝓵𝓮𝓻𝓪𝓶𝓾 𝓾𝓷𝓽𝓾𝓴 𝓷𝓮𝓰𝓪𝓻𝓪 𝓭𝓪𝓷 𝓶𝓪𝓼𝔂𝓪𝓻𝓪𝓴𝓪𝓽, 𝓼𝓮𝓶𝓪𝓷𝓰𝓪𝓽 𝔂𝓪 𝓢𝓐𝓛𝓢𝓐 👍👍👍👍👍👍;0;0;https://www.tiktok.com/@salsaerwina/video/7560489976912203020;positive;
376;2025-08-28 16:14:43+00:00;tgrrr1945;zaman gini masih percaya media indo😹,cuma ketangkep doang,yakin bakal di proses??😹;1;0;https://www.tiktok.com/@winnews_/video/7543481561757257016;negative;
377;2025-10-13 02:04:27+00:00;madwi62626;golput atw tidak menurut saya beda beda tipis di Indonesia, pasalnya penyelenggara nya saja sudah tidak di percaya, dan penguasanya sendiri yg berperan sebagai pelaku kecurangan tsb;1;0;https://www.tiktok.com/@salsaerwina/video/7560489976912203020;negative;
378;2025-10-25 13:15:03+00:00;ayukristi19;jangan ada DPR BUAT SAKIT HATI RAKYAT POKONYA TA MAWU ADA DPR TITIK;0;0;https://www.tiktok.com/@salsaerwina/video/7560489976912203020;negative;
379;2025-08-31 05:29:13+00:00;aseloleicikiwirrrr;pulang buka berarti kalah, pulang artinya kita istirahat, mengisi energi, dan mengatur strategi;2591;25;https://www.tiktok.com/@pitengz2.0/video/7544611963846823224;positive;
380;2025-08-31 06:02:00+00:00;moelkurap1928;serius ini janggal banget gibran aja gada upload video turut berdukacita terkait korban demo. dan jokowi menghilang entah kemana.;12;0;https://www.tiktok.com/@pitengz2.0/video/7544611963846823224;negative;
381;2025-08-31 05:18:28+00:00;nd11st;98, Lu dimata mereka aneh lu ditangkep. Gatau bisa balik apa nggak;37;0;https://www.tiktok.com/@pitengz2.0/video/7544611963846823224;negative;
382;2025-08-31 05:52:46+00:00;amin_naba;intinya yg di hadapi bukan lagi polisi tp TNI, pulang kalian we pulang 😭🫵;15;0;https://www.tiktok.com/@pitengz2.0/video/7544611963846823224;neutral;
383;2025-09-01 15:15:34+00:00;user250806181105;guys besok tggl 2 sept ada demo lagi ga yaa? soalnya gue harus ngantor dan lewatin area” demo;0;0;https://www.tiktok.com/@detikcom/video/7545059513821449473;neutral;
384;2025-10-13 07:17:25+00:00;cion0641;mantap mba slsa;1;1;https://www.tiktok.com/@salsaerwina/video/7560489976912203020;positive;
385;2025-08-31 09:02:54+00:00;doni3746;gimana sih jadi buzzer kalau dapat banyak aku mau, kasih tau dong seperti anda;2;0;https://www.tiktok.com/@pitengz2.0/video/7544611963846823224;negative;
386;2025-10-13 00:15:17+00:00;raditiya806;Hay kk;2;1;https://www.tiktok.com/@salsaerwina/video/7560489976912203020;neutral;
387;2025-08-31 11:40:38+00:00;i.mluffys;biruuuu;0;0;https://www.tiktok.com/@pitengz2.0/video/7544611963846823224;neutral;
388;2025-08-31 05:54:40+00:00;pitengz2.0;PLISS LAWAN SEBARIN KESADARAN😭;546;0;https://www.tiktok.com/@pitengz2.0/video/7544611963846823224;positive;
389;2025-09-01 15:08:03+00:00;shafiramakeup7;bener q jg gini, jd mulai balik lg fyp demo;0;0;https://www.tiktok.com/@detikcom/video/7545059513821449473;neutral;
390;2025-08-29 09:32:43+00:00;zhaime59;Tau demo kan? Demo ada tata caranya!. Ah tapi sudahlah, dijelaskan juga percuma. Kalau memang mau tau google juga ad;3;0;https://www.tiktok.com/@winnews_/video/7543481561757257016;negative;
391;2025-08-31 12:03:28+00:00;rramaaeun;mikir;1;0;https://www.tiktok.com/@pitengz2.0/video/7544611963846823224;negative;
392;2025-08-28 05:42:34+00:00;qwerts0_;nah berarti opini bubarin dpr kardus kan? ya ga realistis dong kalo gitu bisa dibilang demi kemaren emang ngasal orang Serikat buruh sama bem mahasiswa indo aja ga turun kemaren ya karna yang dituntut aneh, emang bener dpr tu salah cuman kalo bubarin dpr ya mana mungkin;0;0;https://www.tiktok.com/@winnews_/video/7543481561757257016;negative;
393;2025-08-30 07:55:26+00:00;antiripler;udh masuk 150jt?;1;0;https://www.tiktok.com/@winnews_/video/7543481561757257016;negative;
394;2025-10-13 00:19:41+00:00;prikitiwimportant;Mba salsa tolong perjuangin sistem recall/pecat anggota DPR seperti di negara lain🙏🙏🙏. Buat sistem pemilu TERBUKA jika suara lbh dr 50% maka anggota dpr itu dipecat selamanya tdk bisa masuk pemerintahan lg;86;4;https://www.tiktok.com/@salsaerwina/video/7560489976912203020;positive;
395;2025-08-31 13:19:03+00:00;elalbert113;dengar sampe habis dong0;2;0;https://www.tiktok.com/@pitengz2.0/video/7544611963846823224;negative;
396;2025-08-31 09:47:30+00:00;eri218209424;bg leo candra katanya udh kumpul sama tim nya luka di palanya ku liat di orang2 bg, klo soal yg sungai kurang tau videonya juga pda gelap;15;0;https://www.tiktok.com/@pitengz2.0/video/7544611963846823224;neutral;
397;2025-08-31 05:26:22+00:00;niadwlstr;Tetep bikin vidio Bang, soalnya akses live udah gabisa. Jd tolong selalu kasih info ke kita semua.;292;1;https://www.tiktok.com/@pitengz2.0/video/7544611963846823224;positive;
398;2025-08-28 23:31:46+00:00;mamakloganteng;lu ngomong mikir dulu apa asal jeplak dah;0;0;https://www.tiktok.com/@winnews_/video/7543481561757257016;negative;
399;2025-08-31 20:15:46+00:00;myself3240;hitam;0;0;https://www.tiktok.com/@pitengz2.0/video/7544611963846823224;neutral;
400;2025-09-01 02:58:19+00:00;antiskandal666;TETAP STAY SAFE BANG BANYAK INTEL DAN ORANG BAYARAN, KALO BISA JANGAN SENDIRI SENDIRI;0;0;https://www.tiktok.com/@pitengz2.0/video/7544611963846823224;positive;
